id,domain,status,purchase_price,renewal_price,attractiveness,demand,length,registrar,created_at,expires_at,status_verified_at
fb913a00-3480-4676-bb47-7548411a86d0,fulgid.biz,available,7.99,23.49,medium,low,6,namesilo,,,
bc64d881-960e-4131-9563-00d1907b409a,wheezy.biz,available,1.99,31.99,low,low,6,name.com,,,07/08/2026 09:31
1d27d6d4-3254-466b-b5f4-2e36c42471e7,inevitable.biz,premium,31.99,,high,low,10,name.com,,,
92a7f5d4-c18c-4b8c-ad6f-22a498c375fb,defence.biz,premium,218.75,,high,low,7,name.com,,,
47d838d3-c95b-4db0-92f4-7ca353618f96,pen.biz,resell,,,high,low,3,Epik LLC,27/03/2002 04:36,26/03/2027 23:59,
39f4e254-fb30-4240-b01d-ee970127a680,spheric.biz,premium,29.5,21.24,medium,low,7,namesilo,,,08/08/2026 10:16
b91aceb5-1f79-4d63-aa79-51ce62bee20a,meanwhile.biz,premium,29.5,21.24,high,low,9,namesilo,,,
62c483cb-161e-4447-a70f-d81c215f3f75,nuthin.biz,available,7.99,23.49,medium,low,6,namesilo,,,
7cf5baf1-73a3-4507-ae89-7dfb5709dbeb,shaking.biz,premium,29.5,21.24,high,low,7,namesilo,,,
18d381de-bb8a-4208-9cf4-c3bdc725b181,irregular.biz,premium,29.5,21.24,high,low,9,namesilo,,,
85d95d7a-98cf-4f6d-87ad-949b22364891,xliv.biz,premium,53.92,21.24,medium,low,4,namesilo,,,
a22957b1-7303-40bf-92ad-86594776edb0,ive.biz,premium,937.5,,medium,low,3,name.com,,,
432a3aa3-ec35-4707-ad00-8b0b00d8f319,insignificant.biz,available,7.99,23.49,medium,low,13,namesilo,,,
02f02be8-5150-4e05-ae00-48e971fbce84,achromic.biz,available,7.99,23.49,medium,low,8,namesilo,,,
444bc2ab-5011-4780-8750-98c92d331fa7,almond.biz,resell,,,high,low,6,Ligne Web Services SAS dba LWS,20/11/2017 14:13,20/11/2026 14:13,24/09/2026 06:34
0aaeedac-46e8-4662-80f7-96616de29869,mint.biz,resell,,,high,high,4,InternetX GmbH,12/06/2004 17:10,11/06/2026 23:59,
6e557592-60be-47da-bbc7-8b11b4a32fba,disregarded.biz,available,7.99,23.49,medium,low,11,namesilo,,,
e6eef6c9-df0f-4edf-aab5-55e4fadc45cf,showering.biz,premium,29.5,21.24,high,low,9,namesilo,,,
0cf4ed56-4e21-4999-850a-a065e59ebfc7,withering.biz,available,1.98,28.98,medium,low,9,namecheap,,,
6b82ebd3-8a73-4abf-8899-5c84738ad2d0,secondary.biz,premium,29.5,21.24,high,low,9,namesilo,,,
6fb49b1d-dcfc-4afb-b3fe-ef90bfbaf222,departed.biz,premium,29.5,21.24,medium,low,8,namesilo,,,07/08/2026 11:31
23ae05a6-efb6-4da9-bc6b-cead27730444,disciple.biz,premium,29.5,21.24,high,low,8,namesilo,,,
c3f06ce5-594e-4eda-929f-ca636d157b37,block.biz,resell,,,high,low,5,"GoDaddy.com, LLC",27/03/2002 04:53,26/03/2027 23:59,
baec9984-f650-4b49-9fd2-69f57feb6979,theyre.biz,available,7.99,23.49,medium,low,6,namesilo,,,
28b75b69-5191-4f3a-827a-268961a6df89,complaint.biz,premium,116,21.24,high,low,9,namesilo,,,
301f234f-3d95-4a4a-b7b5-78a818039c13,sumbuddy.biz,available,7.99,23.49,low,low,8,namesilo,,,
a50c7f91-411b-4d78-b211-1c1f5708eca8,were.biz,premium,53.92,21.24,high,low,4,namesilo,,,
cb07576f-fdc2-4919-a521-2fe1414bb6ff,goat.biz,resell,,,high,medium,4,Porkbun,06/04/2021 09:14,06/04/2027 09:14,
81e98fe2-f980-498f-97ca-b1040371fac4,variable.biz,premium,29.5,21.24,high,low,8,namesilo,,,
caa8ceb3-efba-4c54-9e48-162cf8acf0c7,addable.biz,available,7.99,23.49,medium,low,7,namesilo,,,
dadaa846-c127-4b34-a954-adc6d79db940,birds.biz,resell,,,high,low,5,"GoDaddy.com, LLC",27/03/2002 04:52,26/03/2027 23:59,
14207295-2500-4860-bdbb-aed106d27afa,showed.biz,available,7.99,23.49,medium,low,6,namesilo,,,
e7b85a4b-e811-4f94-81a9-590a3ab33e24,fibre.biz,resell,,,high,low,5,Sav.com LLC,19/01/2024 17:48,19/01/2027 17:48,
7f1dd873-1ccf-4f78-8372-9ce097dca5b0,hatred.biz,available,7.99,23.49,medium,low,6,namesilo,,,
7736435f-1710-42b7-b904-6d3a638c8486,autumnal.biz,available,1.99,31.99,medium,low,8,name.com,,,07/08/2026 21:23
7a9121d4-c830-41f0-a2b1-9f855257665f,buttocks.biz,available,1.99,31.99,medium,low,8,name.com,,,09/08/2026 10:25
2cd6b639-5eb6-46a0-8d54-86a8c30cafb7,location.biz,premium,302.5,21.24,high,low,8,namesilo,,,
823ef152-c512-414a-9397-ffc562ceeda2,uncle.biz,resell,,,high,low,5,"Wild West Domains, Inc.",15/01/2007 17:06,14/01/2027 23:59,
60011926-cc0f-4156-b2a1-e8e7a921a013,overtime.biz,resell,,,high,low,8,"Spaceship, Inc.",25/01/2026 02:05,25/01/2027 02:05,
c58ca9ab-4801-4f00-aeb6-ccc020fba1af,pestilent.biz,available,1.99,31.99,low,low,9,name.com,,,08/08/2026 12:06
ac158d94-1443-4afb-b746-0e4409e0c044,treasure.biz,resell,,,high,low,8,"Spaceship, Inc.",12/06/2023 00:00,12/06/2026 00:00,
cc8f0638-0aa8-4186-abe9-9dca7a641844,suspension.biz,premium,29.5,21.24,high,low,10,namesilo,,,
dadda0e7-0a85-4532-ab12-344a9fbddc01,pitfall.biz,available,7.99,23.49,medium,low,7,namesilo,,,
92c1c920-2818-4996-815a-a88d79270275,beads.biz,premium,302.5,21.24,high,low,5,namesilo,,,
c15a41c3-604a-44fe-b584-57818f0c7778,awing.biz,premium,29.5,21.24,medium,low,5,namesilo,,,08/08/2026 00:34
f7c053e7-d562-4d00-9c04-bdb668a85b36,bread.biz,resell,,,high,low,5,"Moniker Online Services, LLC",04/06/2006 17:01,03/06/2027 23:59,08/09/2026 03:15
e010c181-6a62-4412-8436-906ddf6a7b8f,wrongful.biz,available,7.99,23.49,medium,low,8,namesilo,,,
cb782a8d-b548-46d1-923f-4bac2cad7987,award.biz,resell,,,high,low,5,"Spaceship, Inc.",17/10/2025 17:44,17/10/2026 17:44,
376e988f-6b59-4504-9e6d-1df2d37d1fe8,capitalise.biz,available,7.99,23.49,high,low,10,namesilo,,,
66129196-5a14-480f-85f2-e2ee1e5a7a45,album.biz,resell,,,high,low,5,Dynadot Inc,09/06/2020 02:50,09/06/2026 02:50,
35df4818-70e8-4b82-85a3-610680362dd9,spiritual.biz,premium,218.75,22.5,high,low,9,name.com,,,06/08/2026 05:42
1104bf41-2964-4572-bdf8-8a8d5d640b15,abounding.biz,available,7.99,23.49,high,low,9,namesilo,,,
b32493f1-884b-4ed1-a71a-4aef2f703f1e,experimental.biz,premium,29.5,21.24,high,low,12,namesilo,,,
eaf9954b-a148-45b4-8201-d2304d7e8ee5,hook.biz,resell,,,high,low,4,"GoDaddy.com, LLC",20/01/2004 17:05,19/01/2027 23:59,
e55cc762-aaff-4fed-8793-a14453294b7e,untrustworthy.biz,available,7.99,23.49,low,low,13,namesilo,,,
e265ef33-0641-4efc-8676-ea430efa0ff6,wharf.biz,premium,29.5,21.24,high,low,5,namesilo,,,
cb29e6db-47b5-401a-a814-31e287f356e6,bicycle.biz,resell,,,high,low,7,Dynadot Inc,29/05/2025 20:04,29/05/2027 20:04,24/09/2026 07:08
50d25062-f4cd-419e-a234-bb7ef31078ba,sharply.biz,premium,29.5,21.24,medium,low,7,namesilo,,,
49e97264-0028-42b3-ae0f-d6b1cb9f124f,mechanical.biz,resell,,,high,low,10,"Sav.com, LLC - 4",14/06/2025 00:00,14/06/2026 00:00,
fd69247a-25f5-4bb7-9665-824d181140a6,pink.biz,resell,,,high,low,4,Dynadot Inc,27/03/2002 07:39,26/03/2027 23:59,
52374baf-2c65-4cac-a934-3fbb73a7b267,ambiguous.biz,premium,29.5,21.24,high,low,9,namesilo,,,
c9b91264-ac3d-4d35-8602-50aecc57404e,supervise.biz,premium,62.5,,high,low,9,name.com,,,
8737efe5-0dcc-4a8b-b043-b98e32f92520,fervid.biz,available,1.99,31.99,high,low,6,name.com,,,06/08/2026 16:19
0fad4044-3d6a-4897-b0a8-b11ed2bffc85,economy.biz,resell,,,high,low,7,Dynadot Inc,11/06/2018 00:43,11/06/2027 00:43,08/09/2026 12:29
a34ddaae-8fe0-4841-8d11-0ae1c84e250c,hereditary.biz,premium,29.5,21.24,high,low,10,namesilo,,,
d546973d-cccc-4c71-8825-8b0dc1e1f41b,bothersome.biz,available,1.98,28.98,medium,low,10,namecheap,,,
91753e7d-23b8-4cf0-9cbf-2bec1812e591,precipitous.biz,available,7.99,23.49,medium,low,11,namesilo,,,
a5cd86cd-17e4-4307-94d9-52b50ff64e17,nondrinker.biz,available,7.99,23.49,medium,low,10,namesilo,,,
279054e2-64ad-4fae-9cc9-51485ed9ee30,aphotic.biz,premium,29.5,21.24,medium,low,7,namesilo,,,05/08/2026 23:37
bb67b11c-92d2-4708-b1fc-19aad3049fed,juice.biz,resell,,,high,low,5,"GoDaddy.com, LLC",27/03/2002 02:22,26/03/2027 23:59,
d75f67ba-5dbf-40ea-b358-dc2c11dd73a5,aspherical.biz,available,1.99,31.99,medium,low,10,name.com,,,07/08/2026 04:57
3cb7afdf-e487-4391-b331-b4a44d807ceb,moderately.biz,premium,29.5,21.24,medium,low,10,namesilo,,,
1a31045b-b5d7-42c4-9691-82a77df8f5be,count.biz,premium,302.5,21.24,high,low,5,namesilo,,,
87071d6e-5f4a-4b5d-90a4-2cc6e15b28af,indisposed.biz,available,8.48,28.98,medium,low,10,namecheap,,,
d71208b9-ca9b-4049-9a92-ef495a02f1fd,prehensile.biz,available,1.99,31.99,medium,low,10,name.com,,,07/08/2026 22:14
ea2fde9c-a8ce-430e-bca2-a1180b18ee0d,agrologic.biz,available,7.99,23.49,medium,low,9,namesilo,,,
bfca944e-4348-4193-8b41-ff3efb1f7236,tercet.biz,available,7.99,23.49,high,low,6,namesilo,,,
c791827d-7695-4c95-9c66-bb154f7cdd89,thoughtless.biz,premium,29.5,21.24,medium,low,11,namesilo,,,
f5d4f4b7-8b0b-4fd2-8b89-0b73219bd3ac,advantage.biz,resell,,,high,low,9,"NameCheap, Inc.",27/03/2002 12:17,26/03/2027 23:59,
9428ce95-1b6a-4ffa-8bb8-d8abe42afae1,dismiss.biz,premium,29.5,21.24,high,low,7,namesilo,,,
a32dec97-4309-436d-8400-2e3aefa32f7f,alliaceous.biz,available,7.99,23.49,medium,low,10,namesilo,,,
b3f6c6e6-aba4-4d13-a781-d2174f79635f,suitable.biz,premium,53.92,21.24,high,low,8,namesilo,,,
1e2af479-e1b1-490e-ab4d-4f874b9634c2,foul.biz,premium,53.92,21.24,high,low,4,namesilo,,,
e32afeb5-bcc8-4fcf-98b4-96ac57f328d5,slave.biz,premium,29.5,21.24,high,low,5,namesilo,,,
ae3ea182-718e-40e5-9c3d-a3280dcefbd6,smartphone.biz,resell,,,high,low,10,Dynadot Inc,31/05/2019 00:03,31/05/2027 00:03,
820db1aa-2c35-49a2-abc8-b33b92fe3792,accessary.biz,available,7.99,23.49,medium,low,9,namesilo,,,
c19ba8c2-b2df-4062-a7f5-d12e5805a795,antsy.biz,premium,29.5,21.24,medium,low,5,namesilo,,,05/08/2026 20:27
83e9d2cc-7111-4a3f-87c5-dd550c00dca4,calender.biz,premium,29.5,21.24,high,low,8,namesilo,,,
9a926a25-94d2-44c2-bdad-0609b21076e6,irons.biz,premium,29.5,21.24,high,low,5,namesilo,,,
f4f0d9dc-d087-49a5-a1b6-d5fef3bc0bb0,aleatory.biz,available,7.99,23.49,medium,low,8,namesilo,,,
65334a88-89e1-4086-a5cf-16baeb128504,dining.biz,resell,,,high,low,6,"GoDaddy.com, LLC",08/01/2016 18:18,07/01/2027 23:59,
6baa7275-f19e-4ecf-b6f1-06b6dc1308c5,backstairs.biz,available,1.99,31.99,medium,low,10,name.com,,,08/08/2026 06:26
4f46d5d6-c8c0-4991-8dba-064c5aa5d639,prove.biz,premium,29.5,21.24,high,low,5,namesilo,,,
e3d78d55-1362-4c78-9f9d-b08970ecd949,rested.biz,available,11.99,,high,low,6,name.com,,,
a7d89716-a80f-4b09-9498-a0035e7a278f,encourage.biz,premium,53.92,21.24,high,low,9,namesilo,,,
b8a19b81-84d4-4e85-a413-5f3a52c9f0c5,condemn.biz,premium,29.5,21.24,medium,low,7,namesilo,,,
68b31bab-6c34-48d4-b95c-74a88a5649e1,trumpian.biz,available,7.99,23.49,medium,low,8,namesilo,,,
74f2519f-74ca-4721-a285-abfb9b149b84,filming.biz,premium,29.5,21.24,high,low,7,namesilo,,,
965e71eb-edc5-479a-b5d6-7a76e1c4e482,septet.biz,available,7.99,23.49,medium,low,6,namesilo,,,
9c9c51f1-047f-4fc8-b54a-9399633b7eb0,january.biz,premium,937.5,,high,low,7,name.com,,,
9cf70e21-fa5c-4b1a-952b-126ab1d56207,branch.biz,resell,,,high,low,6,"Blue Razor Domains, LLC",03/04/2010 17:02,02/04/2027 23:59,
31786637-b548-42aa-805a-db4b1293c979,less.biz,resell,,,high,low,4,Sav.com LLC,13/06/2024 17:49,13/06/2027 17:49,17/09/2026 13:42
f39ce42f-2293-43b1-8ccd-d7bba6795376,informal.biz,premium,29.5,21.24,high,low,8,namesilo,,,
170b7b5d-729a-43ad-8be9-ed23523b1b6c,participating.biz,premium,53.92,21.24,medium,low,13,namesilo,,,
3599a4ac-9f02-4d06-9f04-0b837a718d1e,somewhat.biz,premium,29.5,21.24,high,low,8,namesilo,,,
4bc08b2d-ff9c-431d-b413-7b367bddd6dd,threadbare.biz,premium,29.5,21.24,medium,low,10,namesilo,,,08/08/2026 11:10
55f8096e-8c10-4fdb-a18c-76cc6c7bd7cd,yuck.biz,premium,53.92,21.24,high,low,4,namesilo,,,
4dfc90d0-96b9-4158-9b9c-17c0edcb1ae5,angle.biz,premium,31.99,,high,low,5,name.com,,,
ed3decd8-aa9c-4974-a3e0-8d7a5443148d,ebook.biz,resell,,,high,low,6,DomainSpot LLC,27/03/2002 05:05,26/03/2027 23:59,
379e1fb0-6575-475d-acb6-a774f0a18213,continually.biz,premium,29.5,21.24,high,low,11,namesilo,,,
fc495b2a-e8b1-45ec-bfdf-ebf3b6e350fd,soldier.biz,premium,218.75,,high,low,7,name.com,,,
4cfb9143-647d-4351-b840-ae37bbd8dbfe,having.biz,available,7.99,23.49,high,low,6,namesilo,,,
4de74326-99b4-4086-80ee-83ed1fe9c231,longest.biz,premium,31.99,,high,low,7,name.com,,,
c345ad20-cd73-40ca-b601-395b1a87177b,grueling.biz,available,1.99,31.99,high,low,8,name.com,,,06/08/2026 16:45
c3dd4897-74a6-404c-ba42-80043873d2e9,mania.biz,resell,,,high,low,5,"Sav.com, LLC - 11",25/01/2026 00:00,25/01/2027 00:00,
d6fcd943-0f03-49ce-bee9-5279fc4ac119,argue.biz,premium,29.5,21.24,high,low,5,namesilo,,,
6c2158ea-d57c-409b-890e-3707fa7e4ab2,buttons.biz,premium,29.5,21.24,high,low,7,namesilo,,,
4533f1b2-5109-4d3f-a2b4-73e0e1b45161,delta.biz,resell,,,high,medium,5,"GoDaddy.com, LLC",27/03/2002 07:40,26/03/2027 23:59,
0c901552-28c8-48f5-a4e3-133025e32eaf,mechanic.biz,resell,,,high,low,8,Epik LLC,17/06/2024 22:48,17/06/2026 22:48,
b7d3164c-cd33-48e3-9ffe-55f5f20cf7ff,anamorphic.biz,available,7.99,23.49,medium,low,10,namesilo,,,
e2a57e71-3a3c-4d96-88e5-037e33feca71,allowance.biz,premium,29.5,21.24,high,low,9,namesilo,,,
1d0e244e-b419-46d4-ade1-2037f09bb1b1,achaean.biz,available,7.99,23.49,medium,low,7,namesilo,,,
89c28c64-3c01-4fb3-9ba3-1a1adf3542fb,operose.biz,available,1.99,31.99,medium,low,7,name.com,,,06/08/2026 17:05
c49b1517-b1ae-4a82-b48c-e700147929a9,allergist.biz,premium,29.5,21.24,high,low,9,namesilo,,,
d42b6dde-162d-457e-bd90-e4fea0261306,youngest.biz,premium,29.5,21.24,high,low,8,namesilo,,,
3d9363c6-11a1-414b-907a-6d8e407bc0ea,endemic.biz,available,1.99,31.99,high,low,7,name.com,,,07/08/2026 19:26
0fc81eee-d6a2-4401-b8f7-be3b168685f1,measure.biz,premium,302.5,21.24,high,low,7,namesilo,,,
ed9ccc05-8c43-48c8-b7ba-25d0801d5947,idolized.biz,available,7.99,23.49,high,low,8,namesilo,,,
03cfae6f-62cb-4c60-b2fc-4aa1d4b0f4bb,picked.biz,available,7.99,23.49,high,low,6,namesilo,,,
0951ffc8-96cb-49ab-a5c9-d5156f88eebb,operated.biz,premium,29.5,21.24,high,low,8,namesilo,,,
3d2e6f2a-f715-4bcb-b32b-3733897b9418,captivated.biz,premium,29.5,21.24,medium,low,10,namesilo,,,09/08/2026 09:52
1064e8e2-2316-46c4-9a9a-6ab17549cb36,despite.biz,premium,218.75,,high,low,7,name.com,,,
a63dbf70-3ce4-41a7-8b0b-4edf68fc9a2e,beach.biz,resell,,,high,low,5,Dynadot Inc,27/03/2002 08:12,26/03/2028 23:59,24/09/2026 07:03
c4c49814-1c21-477b-b309-4736cd0bdf89,twinkly.biz,available,1.99,31.99,medium,low,7,name.com,,,09/08/2026 04:13
308c3ef5-538d-472e-a67b-95e8be8a7c8a,axe.biz,premium,937.5,,high,low,3,name.com,,,
b6521399-3838-43d4-bc28-a2794a9eecf2,bank.biz,resell,,,high,low,4,eDomains LLC,13/06/2025 00:00,13/06/2026 00:00,
2e56344a-e41e-4275-841a-cd0d903a8f09,ava.biz,resell,,,high,low,3,"007 Names, Inc.",27/03/2002 11:03,26/03/2026 23:59,
41d9daf0-1233-4ec4-8d78-abd4f50e2802,retained.biz,premium,31.99,,high,low,8,name.com,,,
3183d368-9fe3-4358-a186-2bf829e37c5f,wow.biz,resell,,,high,medium,3,Megazone Corp.,27/03/2002 01:33,26/03/2027 23:59,
72b0e9d7-bf59-4293-be41-cd5448dcf0e4,coalesced.biz,available,7.99,23.49,medium,low,9,namesilo,,,
f84d1e2a-eb73-4094-b4ee-8b7c841ee910,leather.biz,resell,,,high,low,7,"GoDaddy.com, LLC",27/03/2002 05:31,26/03/2027 23:59,
034d5abb-957e-4317-892e-5b90de7b0ab9,disease.biz,premium,218.75,,high,low,7,name.com,,,
c887db89-1545-4894-8f36-f7d8b70a30be,depend.biz,premium,302.5,21.24,high,low,6,namesilo,,,
1bc3b021-5b26-47b1-ab99-1c1a78c829e6,condolences.biz,premium,29.5,21.24,medium,low,11,namesilo,,,
7a0a16df-0972-46d5-8bb1-25bb0e5fe344,xxxvii.biz,available,7.99,23.49,medium,low,6,namesilo,,,
106d449d-7858-4ae4-853b-0a17034f7e8b,sweets.biz,resell,,,high,low,6,"GoDaddy.com, LLC",16/03/2004 17:04,15/03/2027 23:59,
de0ace24-be0e-41bc-a7d6-c03fd8b83543,swerve.biz,resell,,,high,low,6,"Spaceship, Inc.",25/11/2025 02:51,25/11/2026 02:51,
a9ab1785-892e-42bf-a053-cbec5c0855a2,rushed.biz,available,11.99,,high,low,6,name.com,,,
b21c6a9b-2aba-4e19-a2e6-d57ae1d55979,banked.biz,resell,,,medium,low,6,OVH sas,08/09/2025 17:10,08/09/2026 17:10,
8235a770-cc43-4517-90cb-8ad6268831a6,azygous.biz,premium,29.5,21.24,medium,low,7,namesilo,,,08/08/2026 03:27
003d7b07-e7b1-4979-b4a3-7a17abb3440e,await.biz,premium,29.5,21.24,high,low,5,namesilo,,,
a53798e0-a06a-4f17-ab26-fb80519ae176,steer.biz,premium,53.92,21.24,high,low,5,namesilo,,,
4a619c76-d108-442e-906c-6c90bd84f1bd,balls.biz,resell,,,high,low,5,"GoDaddy.com, LLC",27/03/2002 09:16,26/03/2027 23:59,
69a3b685-08c3-45f6-bae7-90cabe86b229,eased.biz,premium,29.5,21.24,high,low,5,namesilo,,,
13c3bc53-7ff5-4a0d-8826-9381785a8590,yellowcake.biz,available,7.99,23.49,medium,low,11,namesilo,,,
009261be-9a9c-4699-b59b-f8af7002aff5,fourteenth.biz,premium,29.5,21.24,high,low,10,namesilo,,,
85a83d57-06cc-49b0-8277-cde8b20e165d,tours.biz,premium,625,,high,low,5,name.com,,,
6776516d-a15d-4c78-bc95-fe1aa66c82d9,wellbeing.biz,resell,,,high,low,9,"GoDaddy.com, LLC",26/09/2018 07:30,26/09/2026 07:30,
c9e2d4d6-e01d-4fb9-9525-aeed58a61241,turnout.biz,premium,29.5,21.24,high,low,8,namesilo,,,
f9692cfc-a0f3-482f-a6fc-57040bd9b345,sunburst.biz,premium,31.99,,high,low,8,name.com,,,
60ef6f3a-4c1e-4b63-a06a-76aea61e0bc5,enlivening.biz,available,7.99,23.49,medium,low,10,namesilo,,,
322e0ab1-d284-43a3-96d9-654db2310f5f,bump.biz,resell,,,high,low,4,"GoDaddy.com, LLC",01/06/2017 17:00,31/05/2027 23:59,24/09/2026 07:25
9b1ba002-101d-4545-9b37-9e0d02f7435a,granting.biz,premium,31.99,,high,low,8,name.com,,,
9ce57665-c8da-4a2b-9295-e735b5d57e4f,identical.biz,premium,29.5,21.24,high,low,9,namesilo,,,
4fff6f9a-0f7d-41b5-a963-7c6c0503b6c0,des.biz,premium,937.5,,high,low,3,name.com,,,
3d7b3528-f24e-40fc-9385-e64fa7ac1426,estimate.biz,resell,,,high,low,8,"Name.com, Inc.",30/10/2016 17:08,29/10/2026 23:59,
2bbf1bbc-8b9e-4b70-b773-46433f4d3a03,measles.biz,premium,31.99,,high,low,7,name.com,,,
e0092482-0713-4318-a161-a82d503d7df4,hahaha.biz,premium,31.99,,high,low,6,name.com,,,
2167c573-5178-4a8a-a27d-c8c298e12697,stopped.biz,premium,29.5,21.24,high,low,7,namesilo,,,
a025923f-9954-4354-98ee-abb22e5987ab,spend.biz,resell,,,high,low,5,"GoDaddy.com, LLC",22/01/2017 18:26,21/01/2027 23:59,
37a76820-ac83-4fd3-b333-eefed747f86f,tested.biz,premium,302.5,21.24,high,low,6,namesilo,,,
02112cc8-6bbd-4e4f-af57-25383c563479,wrist.biz,premium,302.5,21.24,high,low,5,namesilo,,,
227cb782-50ac-4f58-b196-e08932b0c9a1,flack.biz,available,,,medium,low,5,,,,
7a2b1797-2b6d-4ca3-add3-a6275e49452b,analogue.biz,available,,,high,low,8,,,,
6a144e2e-abe8-4ee5-a599-8fe70ae61759,coffeeman.biz,available,7.99,23.49,high,low,9,namesilo,,,
e0de3799-816f-471e-af76-581e0f8c6bad,disneyland.biz,premium,29.5,21.24,high,low,10,namesilo,,,
b56f0ebf-b751-4499-a430-16d710ca16bb,audile.biz,available,1.99,31.99,medium,low,6,name.com,,,07/08/2026 16:40
d01fbe90-9f19-4dcb-ac1c-c1048f02285f,inquisitive.biz,premium,625,,high,low,11,name.com,,,
1fc361e3-c353-4dad-82db-3dbaf2694f6b,threat.biz,resell,,,high,low,6,"GoDaddy.com, LLC",13/07/2019 20:55,13/07/2027 20:55,18/09/2026 08:21
753db5fa-d0f8-4773-a7b1-40d3513add13,problem.biz,premium,218.75,,high,low,7,name.com,,,
d594ddff-9039-4cbf-bb0f-718055ace86d,adulterate.biz,available,7.99,23.49,medium,low,10,namesilo,,,
a7057a74-147d-4c57-bee1-a4a6354f542d,banana.biz,resell,,,high,medium,6,Porkbun,27/03/2002 10:49,26/03/2027 23:59,
93a4de73-c181-4e01-a39f-82f8c3b22927,restructure.biz,resell,,,high,low,11,Register SPA,31/05/2006 11:11,30/05/2027 23:59,
1bd2a67d-8e73-48ef-84c6-5031e6af389d,baric.biz,premium,29.5,21.24,low,low,5,namesilo,,,08/08/2026 19:31
be5c6d4e-df2c-43e4-b428-655eda7aceca,farmstand.biz,premium,29.5,21.24,high,low,10,namesilo,,,
067d383a-0bc5-4fec-bf73-7a49f30a22d8,seriously.biz,premium,29.5,21.24,high,low,9,namesilo,,,
0b1cff14-57d2-4645-8371-dccf1140cecf,noon.biz,premium,116,21.24,high,low,4,namesilo,,,
b8b3523c-3a92-4d87-af53-fd6ba5a24c16,nuclear.biz,resell,,,high,low,7,"GoDaddy.com, LLC",11/06/2006 17:05,10/06/2027 23:59,
6536eab1-c49a-4b43-884e-290b84337718,audio.biz,resell,,,high,low,5,Squarespace Domains II LLC,04/06/2021 00:01,04/06/2030 00:01,
872ed6a6-4bce-4d28-9aef-30499f68deca,creek.biz,resell,,,high,low,5,"Xiamen ChinaSource Internet Service Co., Ltd",07/11/2025 00:35,07/11/2026 00:35,
ea10181f-1766-45b3-9ed0-75afe60b04ea,antitrust.biz,premium,29.5,21.24,high,low,9,namesilo,,,
162e9ed7-69b7-47ec-add7-9fbd967e0885,azygos.biz,available,1.99,31.99,medium,low,6,name.com,,,08/08/2026 03:32
46d48419-5464-4acc-8f07-3564aac3b75b,madison.biz,resell,,,high,low,7,"GoDaddy.com, LLC",11/06/2006 17:04,10/06/2027 23:59,08/09/2026 13:09
056fa8a6-c1fa-4c18-a3a1-763634e900bf,appalling.biz,premium,29.5,21.24,medium,low,9,namesilo,,,06/08/2026 04:31
edc0ed4a-bdf6-43b5-a902-a54551c1f19b,preserved.biz,premium,29.5,21.24,high,low,9,namesilo,,,
8e129ef3-29c8-4f59-81ed-f390edd787f7,azo.biz,premium,937.5,22.5,high,low,3,name.com,,,08/08/2026 02:17
9f33a4a8-1a65-4ad6-9b89-b0cf69948f69,grandma.biz,premium,62.5,,high,low,7,name.com,,,
d1c294b8-782c-4112-84e6-a6f9b6b9ae01,haste.biz,premium,31.99,,high,low,5,name.com,,,
0691e75b-31da-4b4e-b58d-b24d056a7793,widely.biz,available,7.99,23.49,high,low,6,namesilo,,,
95568630-bbae-4612-a96f-6bf7ba733b3a,nose.biz,resell,,,high,low,4,"GoDaddy.com, LLC",27/03/2002 01:12,26/03/2027 23:59,
33561ce0-cc96-47f6-84de-27a7b1c16a7d,recording.biz,resell,,,high,low,9,"NameCheap, Inc.",27/03/2002 08:01,26/03/2027 23:59,
cdbb7833-6b4e-48fc-ad8c-2cc9169a9b02,arriving.biz,premium,31.99,,medium,low,8,name.com,,,
d65a1ad4-9ece-4020-b575-984b4dba2e11,agitated.biz,premium,29.5,21.24,high,low,8,namesilo,,,
db9f03a5-7191-4d7c-8c84-37090b9c3bc0,analyst.biz,resell,,,high,low,7,"GoDaddy.com, LLC",27/03/2002 11:47,26/03/2027 23:59,
de9134f1-65fe-47e9-9e73-188656fb39f2,policies.biz,resell,,,medium,low,8,Sav.com LLC,09/04/2017 17:02,08/04/2027 23:59,04/09/2026 07:55
dc82c168-f722-4ae7-8b88-b3aafdb738e7,apathetic.biz,available,1.99,31.99,medium,low,9,name.com,,,05/08/2026 22:04
07aa4edb-e274-419a-bef9-86d4b0b82a40,runabout.biz,premium,29.5,21.24,high,low,9,namesilo,,,
43740683-0097-4d72-ab4a-43c0bb630a1c,prince.biz,resell,,,high,low,6,Dynadot Inc,30/05/2012 17:04,29/05/2034 23:59,
5512344b-0c43-4eac-8a7f-8da3c74a7f7b,thirtieth.biz,premium,29.5,21.24,high,low,9,namesilo,,,
886b9029-a085-4c4c-b8ed-af876a30a153,authorial.biz,available,1.99,31.99,medium,low,9,name.com,,,07/08/2026 16:19
f1c45f83-a108-4407-afa4-ac44eef96540,yelled.biz,available,7.99,23.49,high,low,6,namesilo,,,
8166dd0b-9dd8-4e6d-aaec-58b3c8e3c66f,hum.biz,premium,937.5,,high,low,3,name.com,,,
49af9f0e-e66d-4fd6-bf20-bd93d9d54acf,germicidal.biz,available,1.99,31.99,medium,low,10,name.com,,,08/08/2026 07:07
5d966ace-48a1-47b0-89a2-60e78fd60ac4,atrial.biz,available,1.99,31.99,low,low,6,name.com,,,07/08/2026 14:24
80bca945-80cb-4cc9-af0d-1644be038341,xlvi.biz,premium,53.92,21.24,medium,low,4,namesilo,,,
63b76ae2-586b-4e7f-9e6c-232b387ffc16,appellant.biz,premium,29.5,21.24,medium,low,9,namesilo,,,06/08/2026 06:23
6c429907-20d2-4000-9637-8d87b6b603d3,alabaster.biz,premium,29.5,21.24,high,low,9,namesilo,,,
4d57a0a3-58fb-47cf-a5e0-339ae3348eb8,opal.biz,resell,,,high,low,4,"GoDaddy.com, LLC",27/03/2002 08:17,26/03/2027 23:59,
7e01fe91-71e8-4fab-80bf-990637af6823,invalid.biz,resell,,,high,high,7,"GoDaddy.com, LLC",07/11/2001 20:26,06/11/2026 23:59,
b31bc5e0-6587-4d6f-9493-0e9ca827e428,comprise.biz,premium,29.5,21.24,high,low,8,namesilo,,,
c46734ee-bc18-429d-a884-f81fc1a81f8d,fleshly.biz,premium,29.5,21.24,medium,low,7,namesilo,,,
935753a0-28c9-48ac-bd70-08055a702dd8,xlvii.biz,available,7.99,23.49,medium,low,5,namesilo,,,
5e974cf9-2390-44b1-8af4-9cbbf648b3af,contralto.biz,available,7.99,23.49,medium,low,9,namesilo,,,
ab308c32-175a-4076-b0c6-570f50c1f745,gave.biz,premium,53.92,21.24,medium,low,4,namesilo,,,
233d56ac-04ba-44ec-83cf-5e843ad6c163,profession.biz,resell,,,high,low,10,"GoDaddy.com, LLC",04/10/2001 14:09,06/11/2026 23:59,
1c5e21d6-0833-4a8c-b569-f12b194bf566,attenuate.biz,premium,29.5,21.24,medium,low,9,namesilo,,,07/08/2026 15:21
06a38ae8-c297-4031-8bdb-04b2f5437c58,safety.biz,resell,,,high,low,6,"GoDaddy.com, LLC",27/03/2002 05:47,26/03/2027 23:59,08/09/2026 08:04
d271a3af-1f92-48ab-b77d-fa0688a8795d,carsick.biz,available,8.48,28.98,medium,low,7,namecheap,,,
be22a855-e73d-40ee-ad1d-d07fa73f7615,illness.biz,resell,,,high,low,7,Sav.com LLC,13/11/2018 00:02,13/11/2026 00:02,
b65f2596-9088-44c8-ac3f-92aacaebb064,receipt.biz,premium,937.5,,high,low,7,name.com,,,
9ec66a95-e2f0-42fb-bcbb-936255e776ea,tongue.biz,premium,312.5,,high,low,6,name.com,,,
a19c6f61-de55-463b-9172-76d7c4fa4f69,mentioned.biz,premium,29.5,21.24,medium,low,9,namesilo,,,
340f190b-e884-4933-a435-7d1771752d6c,commix.biz,available,,,medium,low,6,,,,
b4744cae-493c-4962-9976-0acda32454d9,charge.biz,resell,,,high,low,6,"GoDaddy.com, LLC",12/06/2020 11:48,12/06/2026 11:48,
1b519dcf-e0d7-4cce-bf03-bd6572fd54aa,welfare.biz,premium,218.75,22.5,high,low,7,name.com,,,08/09/2026 03:13
cf65ee3b-a62e-40bb-8b89-51754175b5aa,gramme.biz,available,7.99,23.49,high,low,6,namesilo,,,
a94a83ef-68ef-4521-8364-01b9aa628ac3,bottom.biz,premium,302.5,21.24,high,low,6,namesilo,,,09/08/2026 11:50
6a28a52c-5090-44f5-921b-8c5feb77d110,bardic.biz,available,1.99,31.99,medium,low,6,name.com,,,08/08/2026 18:00
92c8f381-9df2-4e88-9d52-d39ea2786241,afterward.biz,premium,29.5,21.24,medium,low,9,namesilo,,,
ba72c21e-c246-46af-830c-b343aeb2b32a,stopping.biz,premium,31.99,,high,low,8,name.com,,,
06156f5f-d49a-45be-9a66-cafcbd30d066,potbellied.biz,available,7.99,23.49,medium,low,10,namesilo,,,
40e7647c-e098-4570-ba7b-2802c592cda6,beheaded.biz,premium,29.5,21.24,medium,low,8,namesilo,,,09/08/2026 10:21
545fa20f-28bc-4f52-ac37-321cd7d67aed,cuisine.biz,premium,218.75,,high,low,7,name.com,,,
4472e01f-f403-4ff0-b5f9-9d5769bde8a8,westcott.biz,premium,29.5,21.24,medium,low,8,namesilo,,,
295b838a-6070-49e0-9c93-3def64987822,countries.biz,premium,31.99,,medium,low,9,name.com,,,
4901c1cc-c761-4f29-9081-6be7be05bcf8,aerobiotic.biz,available,7.99,23.49,medium,low,10,namesilo,,,
c4d20772-6ae2-40d0-ba47-c269b0012388,surprised.biz,premium,29.5,21.24,high,low,9,namesilo,,,
18f8573a-9034-45c6-a104-0f8df3cc6228,acned.biz,premium,29.5,21.24,low,low,5,namesilo,,,
9d7427ef-1d67-4dcf-b193-3d976361c9d5,baffled.biz,premium,29.5,21.24,medium,low,7,namesilo,,,07/08/2026 11:36
5bc9cb96-1349-4141-96f8-67b59e230fb1,region.biz,resell,,,high,low,6,Sav.com LLC,24/02/2026 12:37,24/02/2027 12:37,
f4f1e98f-9cd3-4944-bb60-772d605fc749,azoic.biz,available,1.99,31.99,medium,low,5,name.com,,,08/08/2026 02:22
5139b002-1ad6-4c8d-9624-09a806c22ab2,accusation.biz,premium,29.5,21.24,high,low,10,namesilo,,,
8c202869-f477-45d5-a8bc-0e83754190a5,sophisticated.biz,resell,,,high,low,13,"NameSilo, LLC",14/11/2025 22:04,14/11/2026 22:04,
5c377aa6-0ca8-4dec-bb10-f4c33f11e8ff,specially.biz,premium,31.99,,medium,low,9,name.com,,,
bdfc4643-a3cb-46bc-b2ba-7e46810177d6,garage.biz,resell,,,high,low,6,"GoDaddy.com, LLC",09/06/2005 17:02,08/06/2027 23:59,
710501bd-e8bf-4166-b630-f83ac42a129f,mexican.biz,premium,302.5,21.24,high,low,7,namesilo,,,
bfa3283f-bf24-49af-ab3e-55c91d0e9af3,antitank.biz,available,1.99,31.99,medium,low,8,name.com,,,05/08/2026 19:44
2ce995b8-22b8-4d76-a14b-45e4ebac40c7,mothafucker.biz,available,7.99,23.49,medium,low,11,namesilo,,,
27c92c5e-5f32-474b-885d-91405fa1131d,sadness.biz,premium,29.5,21.24,high,low,7,namesilo,,,
123f49b1-0b94-495b-86f2-cc2be3aacc14,protein.biz,premium,960,21.24,high,low,7,namesilo,,,08/09/2026 08:51
b2a9d30a-daf1-42a6-8eb0-eda8d4dc46ff,diplomat.biz,premium,29.5,21.24,high,low,8,namesilo,,,
c5eb408c-0923-479a-acfb-17a6417a73c2,radar.biz,resell,,,high,low,5,"Spaceship, Inc.",13/06/2024 00:00,13/06/2026 00:00,
692b5209-800f-4b4b-ab03-9fa448718ce4,heedful.biz,available,7.99,23.49,medium,low,7,namesilo,,,
da58b608-2ad1-46b7-9f6a-c948f5a23200,organised.biz,premium,29.5,21.24,high,low,9,namesilo,,,
481f527c-1a00-43ee-b8c6-6c4771932c54,grandmother.biz,premium,29.5,21.24,high,low,11,namesilo,,,
11f85110-5204-43d6-82d4-352f9d54ede9,despise.biz,premium,29.5,21.24,high,low,7,namesilo,,,
5112e796-c6f6-4b10-9efc-b6966488d612,apostate.biz,available,1.99,31.99,medium,low,8,name.com,,,06/08/2026 03:35
ffa0c847-02ff-4188-bd28-3cf6d87a544e,needing.biz,premium,29.5,21.24,high,low,7,namesilo,,,
9179bcf2-5df4-46c3-8ab3-327f6e5762de,xcii.biz,premium,62.5,22.5,medium,low,4,name.com,,,
2644c4a1-8954-4694-a537-d93dc4b354c5,assurgent.biz,available,1.99,31.99,low,low,9,name.com,,,07/08/2026 08:26
452cc113-d8c9-4933-9d25-51c91440cc6a,kinda.biz,premium,31.99,,high,low,5,name.com,,,
178d9e30-c8a7-4f57-ab9e-6e007644454c,died.biz,premium,53.92,21.24,low,low,4,namesilo,,,
b69af8ce-97a1-42ed-896b-4205afcf99d5,illustrated.biz,premium,29.5,21.24,high,low,11,namesilo,,,
7320ecde-9a66-43d9-825e-aa4d6ae9ed73,perfected.biz,premium,29.5,21.24,high,low,9,namesilo,,,
b190c7cf-5393-4b93-bc37-f343587b6245,abducent.biz,available,7.99,23.49,medium,low,8,namesilo,,,
7feffb78-e11d-4061-8b24-e5b7003761ff,night.biz,premium,302.5,21.24,high,low,5,namesilo,,,
c45beec9-f1d7-4046-b636-2ddde61e8370,sauna.biz,resell,,,high,low,5,Dynadot Inc,12/06/2023 18:11,12/06/2030 18:11,
a204f36b-022a-4f7d-be70-591bf3783ae0,establishment.biz,premium,31.99,,high,low,13,name.com,,,
9091dc8d-d0d1-4972-af1b-90ce6b20feef,score.biz,resell,,,high,low,5,"Network Solutions, LLC",11/06/2004 17:35,10/06/2027 23:59,17/09/2026 13:21
be3f0448-65fc-4c07-9df4-ceaba95e15f0,engrossing.biz,available,7.99,23.49,high,low,10,namesilo,,,
69c5b044-acf9-4a9a-bace-9e21a557f3a5,baronial.biz,premium,31.99,22.5,medium,low,8,name.com,,,08/08/2026 20:11
bb196af0-4e30-46da-ab14-524bde5ac942,previous.biz,premium,29.5,21.24,high,low,8,namesilo,,,
4378838d-0754-4aa3-b33d-e4c0d2b3d801,cheerfully.biz,available,7.99,23.49,high,low,10,namesilo,,,
87727da8-82c4-4693-9af6-b0e9f0921423,fourth.biz,resell,,,high,low,6,Dynadot Inc,19/05/2026 08:59,19/05/2027 08:59,
09ba33be-6190-41d9-9cde-13733178df3a,importance.biz,premium,31.99,,high,low,10,name.com,,,
72dbe4f4-d65c-4889-b5b8-2a13f26a860c,significant.biz,premium,53.92,21.24,high,low,11,namesilo,,,
77db0dd5-6324-441b-9dab-86e5474f1541,approving.biz,premium,29.5,21.24,high,low,9,namesilo,,,06/08/2026 08:49
54876ce0-d545-45f5-9c4c-36e41afb041e,facility.biz,resell,,,high,low,8,Sav.com LLC,21/02/2025 20:18,21/02/2027 20:18,
31cf3d22-2d47-4b95-80c1-5a479bfa4a57,printable.biz,resell,,,high,low,9,"Spaceship, Inc.",01/12/2025 13:24,01/12/2026 13:24,
d87ff1d8-0b8c-4759-b622-7bc50e30cf2f,melancholy.biz,premium,29.5,21.24,high,low,10,namesilo,,,
7764f8b8-62d7-44b6-979f-c0ed2f0f2896,intensive.biz,premium,29.5,21.24,high,low,9,namesilo,,,
525faa56-304b-4460-87c7-e36b2a88b5dd,maintained.biz,premium,29.5,21.24,high,low,10,namesilo,,,
962f5de4-f5f0-4558-a863-ac315db71df1,class.biz,resell,,,high,low,5,"Blue Razor Domains, LLC",11/06/2004 17:09,10/06/2026 23:59,
a9ace99d-454c-452b-a8fc-95d02a5d23f4,youre.biz,premium,29.5,21.24,medium,low,5,namesilo,,,
f7cef897-0873-4f53-81f3-877ac7a80946,reliability.biz,premium,29.5,21.24,high,low,11,namesilo,,,
9e523451-a4ed-4cdd-af14-87146cf20585,rgb.biz,premium,937.5,,high,low,3,name.com,,,
4845de31-4793-4b72-b8e3-ff527f967639,neck.biz,premium,53.92,21.24,high,low,4,namesilo,,,
b1b0e208-654c-4c83-9eec-4030adb689f9,respecting.biz,premium,31.99,,medium,low,10,name.com,,,
c081ff42-c122-4803-bcf7-2e2a9de8d61c,agleam.biz,available,7.99,23.49,medium,low,6,namesilo,,,
7b7b0a1b-5b36-4cfc-a3f1-f4c273db50cb,sail.biz,resell,,,high,low,4,Tucows Domains Inc.,27/03/2002 22:58,26/03/2027 23:59,
29803327-1bf2-4375-b840-00c25514285d,robed.biz,premium,29.5,21.24,medium,low,5,namesilo,,,06/08/2026 05:03
c88679b1-f518-476d-a0c8-b865595af665,birth.biz,resell,,,high,low,5,"GoDaddy.com, LLC",27/03/2002 05:51,26/03/2027 23:59,
add7df14-fe8e-4750-aab6-4de7eb248015,lately.biz,available,11.99,,high,low,6,name.com,,,
8c6f7598-ddd3-4cdd-a9e3-0e1ca677fcf7,starred.biz,premium,29.5,21.24,medium,low,7,namesilo,,,07/08/2026 08:52
ae18b3b4-291c-4800-8d4d-2127575c66de,original.biz,resell,,,high,low,8,"GoDaddy.com, LLC",27/03/2002 00:54,26/03/2027 23:59,
bc991e6d-adb4-4fe6-aeb3-15c7c1df9c4d,kidney.biz,premium,625,,high,low,6,name.com,,,
36045ee4-185b-4910-99fd-9fa53e2a3394,hardworking.biz,premium,29.5,21.24,high,low,11,namesilo,,,
12fb0f46-9b59-482c-8ff9-5eccd07cf1cc,bolster.biz,available,,,high,low,7,,,,
7b7268ce-1ed9-4b2b-9e16-af8874c05c56,appear.biz,premium,302.5,21.24,high,low,6,namesilo,,,
88763de0-2301-4115-b110-416dfa1a748c,potato.biz,premium,218.75,,high,low,6,name.com,,,
d837f93a-fc6c-4f2e-9606-8fbc07e5d6be,stupid.biz,resell,,,high,low,6,"Network Solutions, LLC",11/06/2004 17:39,10/06/2026 23:59,
ba1da537-17e6-4af5-91f9-88eec0142a6b,thief.biz,premium,31.99,,high,low,5,name.com,,,
6894c9e7-0794-4eb0-b284-c46b4a31e511,november.biz,premium,116,21.24,high,low,8,namesilo,,,
84a8a132-0007-487a-85ed-405195255faf,parents.biz,resell,,,high,low,7,"Spaceship, Inc.",31/05/2015 01:07,30/05/2027 23:59,
29ca5f4b-30d8-4219-8bcf-a9ab524b86ae,chanukkah.biz,available,7.99,23.49,medium,low,9,namesilo,,,
2cd58417-341c-42e4-bb22-f15781e03455,sounded.biz,premium,29.5,21.24,medium,low,7,namesilo,,,
316311a8-08ab-4d8d-a27b-80530b815a43,duchess.biz,premium,29.5,21.24,high,low,7,namesilo,,,
246eda5a-2eef-456e-a796-28a851c8ff8c,kleenex.biz,premium,29.5,21.24,high,low,7,namesilo,,,
ce2dda4e-1aad-4f2d-8517-79be37314b0e,http.biz,available,,,high,low,4,,,,
6b2340d5-f18f-4d82-a21a-8aa0a4afd079,alsatian.biz,premium,29.5,21.24,high,low,8,namesilo,,,
e2dd2378-8e4c-452b-b0d8-07860b8d7322,strongly.biz,premium,53.92,21.24,high,low,8,namesilo,,,
4df76731-da5c-448a-84ec-5f9cf99dceab,aimless.biz,premium,29.5,21.24,medium,low,7,namesilo,,,
9ba4a5cc-4e2e-49b9-9abb-6d3ea3802668,against.biz,premium,218.75,,medium,low,7,name.com,,,
8c338dca-4ef4-4a6b-a427-507072acdfc1,anechoic.biz,available,7.99,23.49,medium,low,8,namesilo,,,
98ffffb8-ef88-405c-9d3f-df21892b46a7,mixture.biz,premium,53.92,21.24,high,low,7,namesilo,,,
e3fb767b-4f6a-4b3b-9b65-793fc390093c,uncontrollable.biz,available,7.99,23.49,medium,low,14,namesilo,,,
67ed8afc-ab42-4114-87f6-04ec173d0c46,drone.biz,resell,,,high,medium,5,"Wild West Domains, Inc.",07/06/2006 17:01,06/06/2026 23:59,
5985fb5e-dc03-459c-a75d-e83f2598bbf6,babies.biz,resell,,,high,low,6,"GoDaddy.com, LLC",31/05/2004 17:01,30/05/2027 23:59,24/09/2026 06:57
d4c59a02-31ad-4b09-990b-09b5d32f22c9,scheduled.biz,premium,31.99,,high,low,9,name.com,,,
10300435-8fab-4204-8041-d64d73860db4,lxvii.biz,available,7.99,23.49,medium,low,5,namesilo,,,
bb0a5948-ba29-4314-b13a-d42df904b837,actinide.biz,available,7.99,23.49,medium,low,8,namesilo,,,
ac2eddea-a639-4623-afa7-f10ac76c374f,bahamian.biz,available,1.99,31.99,medium,low,8,name.com,,,08/08/2026 08:31
938f424d-1691-4411-acec-da4c901b0f4c,psychology.biz,premium,1107,21.24,high,low,10,namesilo,,,
1c6bad5e-f01a-4631-8ce5-fbda7fb8d589,work.biz,resell,,,high,medium,4,DomainSpot LLC,27/03/2002 02:13,26/03/2027 23:59,
23b77dfc-105f-4734-bf0d-aa0af3831b77,footballer.biz,premium,29.5,21.24,high,low,10,namesilo,,,
d9a23ead-c0db-44cc-9974-0727ba7ff88f,paste.biz,resell,,,high,low,5,Porkbun,25/11/2017 02:47,25/11/2026 02:47,
7e619513-e2ce-4331-9ca6-8a055425f64b,carousing.biz,available,1.99,31.99,medium,low,9,name.com,,,08/08/2026 04:24
a0c59151-a592-45f0-950d-9243515425b1,preview.biz,resell,,,high,low,7,Dynadot Inc,27/03/2002 07:07,26/03/2027 23:59,
324bbeb4-0638-409c-86ec-9ba47014fd8d,facetious.biz,premium,29.5,21.24,medium,low,9,namesilo,,,08/08/2026 14:39
f576300a-9a6f-4bed-a5d2-acb305ea10d5,galling.biz,available,1.98,28.98,high,low,7,namecheap,,,
8f1f1a48-301b-48b6-a5ef-09d8f037d235,basaltic.biz,available,1.99,31.99,medium,low,8,name.com,,,08/08/2026 21:29
e5ff7918-0f52-4940-9943-394a5ae98c1e,razor.biz,resell,,,high,low,5,Dynadot Inc,09/08/2017 17:02,08/08/2027 23:59,20/09/2026 15:56
0443bbc0-7064-4953-90d5-37e3beee2c4e,deposits.biz,premium,29.5,21.24,medium,low,8,namesilo,,,
7a242f5c-30d5-46c7-9167-c114397045ec,wonder.biz,resell,,,high,medium,6,Porkbun,27/03/2002 02:19,26/03/2027 23:59,
735fe6a7-abca-4f44-9184-cc7048bbd729,without.biz,premium,218.75,,high,low,7,name.com,,,
8831de85-f7dc-4ad8-9118-572cc49d2af5,aaron.biz,resell,,,high,low,5,"Domain.com, LLC",29/07/2004 17:00,28/07/2027 23:59,20/09/2026 03:02
7c1a3cbd-ae4b-41c2-9926-8035ac2ddefe,bareback.biz,premium,29.5,21.24,medium,low,8,namesilo,,,08/08/2026 18:38
4a1d254e-2fe7-4903-b427-bdb562eaab3b,cabbage.biz,premium,62.5,,high,low,7,name.com,,,
31c4fe25-8ffb-47eb-b8e5-ff02f611f4b8,california.biz,resell,,,high,low,10,Porkbun,27/03/2002 04:04,26/03/2027 23:59,
632d13e9-ed6a-428d-9fdd-f8946cebe479,himself.biz,premium,29.5,21.24,medium,low,7,namesilo,,,
9c391694-3f4e-4691-8e7a-d82b1069eb86,syndrome.biz,premium,62.5,,medium,low,8,name.com,,,
978888bf-acd6-4b7d-833a-bf59e5fb6ca7,maths.biz,resell,,,high,low,5,Alibaba Cloud Computing Ltd. d/b/a HiChina (www.net.cn),30/10/2022 05:08,30/10/2026 05:08,
155211d5-9670-4d89-94f6-15982b1c2cb7,askew.biz,premium,29.5,21.24,medium,low,5,namesilo,,,07/08/2026 03:31
e82fc4b9-a5d1-463d-856a-1762065b3d05,hand.biz,resell,,,high,low,4,"Spaceship, Inc.",18/08/2025 00:02,18/08/2027 00:02,21/09/2026 01:04
004d09cd-6b62-4634-b8d6-73b85f03b6e0,weakest.biz,premium,29.5,21.24,medium,low,7,namesilo,,,
7818a781-63f3-449d-acc2-3e592d7bd93a,banging.biz,premium,29.5,21.24,high,low,7,namesilo,,,08/08/2026 13:03
3d77ea08-bf42-46ac-a947-07239944d360,systematically.biz,available,11.99,,medium,low,14,name.com,,,
a2dbf5e2-8c45-4ec9-ae6e-592b89ebbec8,accretive.biz,available,7.99,23.49,medium,low,9,namesilo,,,
a37480b9-3278-483b-81c8-958f6cb17564,assumed.biz,premium,29.5,21.24,medium,low,7,namesilo,,,07/08/2026 07:45
5aa3e2ef-312e-4723-88b9-043359c426e9,dorsal.biz,available,7.99,23.49,high,low,6,namesilo,,,
d44af7d5-652a-4b02-a154-c2f669ba45a9,browse.biz,resell,,,high,low,6,Sav.com LLC,12/06/2021 02:34,12/06/2026 02:34,
1710938c-9ddf-4f16-bd63-05a4d0301e4d,mainly.biz,premium,11.99,,high,low,6,name.com,,,
922669fa-9eb2-4ec7-a20a-d2fd8c3aa288,nicky.biz,premium,29.5,21.24,high,low,5,namesilo,,,
de4ca049-f795-4796-a4c9-eb109165fe55,world.biz,resell,,,high,medium,5,"Spaceship, Inc.",27/03/2002 01:29,26/03/2027 23:59,
6e891746-1582-432c-9b0a-5197fd206e0b,conquer.biz,premium,218.75,,high,low,7,name.com,,,
b8199210-1afa-4c9c-bede-80abf68c3b63,collarbone.biz,premium,29.5,21.24,medium,low,11,namesilo,,,
9fe639be-b8b5-45ea-a280-6a03351dfeb9,androgenic.biz,available,7.99,23.49,medium,low,10,namesilo,,,
1a74d352-14ba-41a6-be44-9a9a464b9758,uncover.biz,premium,29.5,21.24,high,low,7,namesilo,,,
0df9c5fc-69ef-474c-9da9-ff23044fa3d6,unbeatable.biz,premium,29.5,21.24,high,low,10,namesilo,,,
5f27489c-2abe-4b20-9d9f-129bc8d40069,lxxx.biz,premium,62.5,22.5,medium,low,4,name.com,,,
55340851-fada-423e-89aa-97969a8327bb,toll.biz,premium,62.5,,high,medium,4,name.com,,,
cf070c96-cd50-428e-9247-e62017924c5c,latest.biz,premium,302.5,21.24,high,low,6,namesilo,,,
82a8beca-30c2-468f-8c4b-78e83ab76574,bae.biz,resell,,,high,low,3,Dynadot Inc,16/06/2017 17:00,15/06/2026 23:59,
9d5041cd-fe1b-4ce6-b7bc-a81f828b9590,apologetic.biz,available,1.99,31.99,high,low,10,name.com,,,06/08/2026 02:07
122dc611-dd3e-4fef-b7d3-5eb296bc28fb,scrubbed.biz,premium,29.5,21.24,high,low,8,namesilo,,,
6330d48b-ec2b-45ce-9dd5-197c44998d82,naturally.biz,premium,218.75,,high,low,9,name.com,,,
43c79784-b6a1-4d70-a93e-cde403990616,abyssal.biz,premium,29.5,21.24,medium,low,7,namesilo,,,
bdf37fa1-bf1c-4f2d-98f0-c0c6489214d0,saint.biz,premium,302.5,21.24,high,low,5,namesilo,,,
8148e463-3a8f-46a7-b27a-b20e52816119,vindicated.biz,premium,29.5,21.24,high,low,10,namesilo,,,08/09/2026 05:23
e2d37645-f865-47f6-86f4-1f462cb65223,somehow.biz,premium,31.99,,high,low,7,name.com,,,
04a5780c-3a38-463a-9b77-353f460d8898,kilometre.biz,available,7.99,23.49,high,low,9,namesilo,,,
6e50afdc-7e81-4a03-9cf9-f36782a12dbf,america.biz,resell,,,high,low,7,"Sav.com, LLC - 3",06/01/2026 00:01,06/01/2027 00:01,
5ee88e7e-436c-4333-a7c4-756a165b8df5,bahreini.biz,available,1.99,31.99,medium,low,8,name.com,,,08/08/2026 08:41
cb1b5cdd-d4d9-4316-9582-8dc2fe56ece1,omnipotent.biz,premium,29.5,21.24,high,low,10,namesilo,,,
50b6a073-272b-4f3a-9174-6bac1c4ce9b0,landscape.biz,premium,6250,,high,low,9,name.com,,,
e43e45bb-1c09-453f-9c0c-efdec60e9f6a,grip.biz,resell,,,high,low,4,Sav.com LLC,24/06/2024 14:00,24/06/2026 14:00,
c8254c35-bf89-4efc-bbf9-4e171475b2a1,atrophic.biz,available,1.99,31.99,low,low,8,name.com,,,07/08/2026 14:52
8870fd32-ebf9-4dd6-9cb6-bab26d7e13cb,attained.biz,available,1.99,31.99,high,low,8,name.com,,,07/08/2026 15:07
54d9a483-9054-4ee5-a4b9-363e898a7358,aery.biz,premium,53.92,21.24,high,low,4,namesilo,,,
096ad11c-8e66-4968-ada4-fd0531de8331,whilst.biz,available,7.99,23.49,medium,low,6,namesilo,,,
ec1235bf-e306-4af3-8697-fe17d7a062a1,flak.biz,premium,53.92,21.24,medium,low,4,namesilo,,,
6856c46d-8bde-4546-b758-e57d6cd80c6a,press.biz,resell,,,high,low,5,"MarkMonitor, Inc.",13/06/2012 17:04,12/06/2026 23:59,
bcbe431f-b540-4747-ac82-76a6d87095d9,dingy.biz,premium,29.5,21.24,medium,low,5,namesilo,,,09/08/2026 09:20
2da69bcf-188e-408b-8d52-923fec2ac81c,telecom.biz,resell,,,high,low,7,"GoDaddy.com, LLC",27/03/2002 03:34,26/03/2027 23:59,
0135b016-1a81-4c6f-95d5-d9d8e3e6fa29,sympathetic.biz,premium,29.5,21.24,high,low,11,namesilo,,,
4eadd023-4e1d-402f-a0a2-de4fc66d5ac3,wording.biz,premium,29.5,21.24,high,low,7,namesilo,,,
4dd485a8-74fe-44fa-bd6b-d50b263cff39,vengeful.biz,premium,31.99,,medium,low,8,name.com,,,
2b6284ce-7258-4dba-bb9f-eeece594ca5d,complicated.biz,premium,29.5,21.24,high,low,11,namesilo,,,
98701383-e1dc-4e98-b5c3-56ec78f91f8d,must.biz,premium,116,21.24,high,low,4,namesilo,,,
dcb3fdf8-2167-4c18-a3ab-cabac14c9ce8,quaternion.biz,available,7.99,23.49,medium,low,10,namesilo,,,
d4376244-f326-4305-8612-627ede0e560e,include.biz,premium,218.75,,high,low,7,name.com,,,
b9d029b1-2c10-4c5e-8901-84e32dc76d0a,animist.biz,premium,29.5,21.24,high,low,7,namesilo,,,
e6b5b82c-483c-4489-9d95-e02b2ab0779f,department.biz,premium,29.5,21.24,high,low,10,namesilo,,,
ed2dd1ba-127a-4e17-8622-33297b5df29c,gymnastic.biz,premium,31.99,22.5,high,low,9,name.com,,,
5b590dae-5b16-4fba-93c8-4e0f2e69af5d,seemly.biz,available,1.99,31.99,medium,low,6,name.com,,,09/08/2026 06:27
7d8a8c51-3d39-4db8-8ca9-a70540e4a711,aurous.biz,available,1.99,31.99,medium,low,6,name.com,,,07/08/2026 17:31
cd7d832d-0147-4a7b-a77d-43b673a1b8ba,dispatching.biz,premium,29.5,21.24,high,low,11,namesilo,,,
8e36ce65-7d23-4bea-843b-0b70d5e00eb5,conspiracy.biz,premium,29.5,21.24,high,low,10,namesilo,,,
41761c79-3c06-4105-8222-2e5973ad3fed,sudden.biz,resell,,,high,low,6,"NameSilo, LLC",14/11/2025 22:03,14/11/2026 22:03,
9482a66b-5cfa-4a91-87df-e31d8518438f,brook.biz,premium,312.5,,high,low,5,name.com,,,
1104af44-56c3-4836-a0db-4c36fed6e410,rushing.biz,premium,31.99,,high,low,7,name.com,,,
3dca8f92-63e9-421c-82a0-231f6da6c101,jazz.biz,premium,6250,,high,low,4,name.com,,,
3f2d2ba0-9c80-4e30-975b-a8b72e475667,kitschy.biz,premium,29.5,21.24,medium,low,7,namesilo,,,09/08/2026 00:53
a2a2e4a1-3d8a-4280-904c-511173c23c73,thus.biz,premium,62.5,,high,low,4,name.com,,,
a4ab766a-bfe6-4b6f-91db-08e791e5cd49,possibly.biz,premium,31.99,,high,low,8,name.com,,,
a1140b0d-6ebd-4891-ba92-7fc1e69ac783,exist.biz,premium,31.25,,high,low,5,name.com,,,
3ff0116d-710a-4b4b-b968-4721d81ef71d,urgent.biz,resell,,,high,low,6,"GoDaddy.com, LLC",13/11/2019 14:53,13/11/2026 14:53,
7f4fd023-fdf3-4d41-8d4c-2e162e0ceadc,apolitical.biz,premium,29.5,21.24,high,low,10,namesilo,,,06/08/2026 02:02
145b8147-9a29-4910-8396-9836ae77682f,amative.biz,available,7.99,23.49,medium,low,7,namesilo,,,
c5e1db6b-cd15-4ca8-aaf3-abdfbbfd0652,prompt.biz,resell,,,high,medium,6,"GoDaddy.com, LLC",18/09/2021 19:29,18/09/2027 19:29,
285c7463-d3dd-4171-87e9-c09be919020f,condolence.biz,available,7.99,23.49,high,low,10,namesilo,,,
83415037-d86a-430c-8b5d-cb3fbcd0bafc,analogical.biz,available,7.99,23.49,medium,low,10,namesilo,,,
f988de9e-cd00-4c90-887e-a8370f573f37,pretty.biz,premium,1107,21.24,high,low,6,namesilo,,,
26fa22c4-944a-4d3a-a660-31ee068323f6,bridget.biz,premium,31.99,,high,low,7,name.com,,,
55973e73-3a10-4aab-b36a-ac3bebf685c3,boozer.biz,available,7.99,23.49,medium,low,6,namesilo,,,
404606f3-7bb7-4296-a1fe-49f9ebfabf49,lopsided.biz,premium,29.5,21.24,medium,low,8,namesilo,,,07/08/2026 03:41
2c80ff56-2f98-4dcc-8e98-4b8830749e98,brainwash.biz,premium,29.5,21.24,high,low,9,namesilo,,,
880f68ac-9c14-4160-81ed-fda604eac2f8,sidelong.biz,available,1.99,31.99,medium,low,8,name.com,,,07/08/2026 03:26
1ee51ac4-9ec9-429c-b8aa-1ed975879160,pancreas.biz,premium,29.5,21.24,high,low,8,namesilo,,,
d176ebe2-b6b9-4d90-9dae-fe3f6c4ce66e,balletic.biz,available,1.99,31.99,high,low,8,name.com,,,08/08/2026 10:26
51ff2af0-0bfb-4839-a76a-498f5cb79911,pissed.biz,premium,29.5,21.24,medium,low,6,namesilo,,,
49df7a42-df87-4f33-b03b-027e7329e905,liked.biz,premium,29.5,21.24,high,low,5,namesilo,,,
fe8249fd-d9ef-48fc-bdd8-8b47b8075a90,clv.biz,premium,937.5,22.5,high,low,3,name.com,,,
87bba871-e34b-4a9e-8e33-3411f771bf87,aegean.biz,resell,,,high,low,6,Sav.com LLC,05/07/2013 17:01,04/07/2027 23:59,
08d322a9-a27f-44f9-91b5-417d6e536961,compensate.biz,premium,31.99,,high,low,10,name.com,,,
a45108af-213c-488c-b19e-8c5b8dd29a1f,carrying.biz,premium,29.5,21.24,high,low,8,namesilo,,,
1940c484-1fec-4151-a239-dcb90561ecba,arable.biz,available,1.99,31.99,medium,low,6,name.com,,,06/08/2026 11:14
3cdbfc32-3ca8-42fd-a511-bcd167cf7e7a,cue.biz,resell,,,high,low,3,"Sea Wasp, LLC",12/06/2004 17:05,11/06/2026 23:59,
849c4644-6a1c-483d-9044-b137ee533871,hokey.biz,premium,29.5,21.24,medium,low,5,namesilo,,,09/08/2026 00:37
b1075cd1-f85d-42e6-8359-3420efb9f00b,sore.biz,resell,,,high,low,4,"Sea Wasp, LLC",01/03/2005 19:20,28/02/2027 23:59,
cf607e78-3fac-4466-b39c-d6a6ea223464,toe.biz,resell,,,high,low,3,Dynadot Inc,22/01/2004 18:36,21/01/2028 23:59,
1cbac305-c4c0-43e9-8d8e-d5946355f4f5,awestruck.biz,premium,29.5,21.24,high,low,9,namesilo,,,08/08/2026 01:00
f8276b1e-0ac2-4696-8892-c97a1780f836,aired.biz,premium,29.5,21.24,high,low,5,namesilo,,,
019ba0e8-8953-44fa-880e-fc6b2b50f71f,bloodstream.biz,premium,29.5,21.24,high,low,11,namesilo,,,
91df42ee-e2f3-49bf-a594-2f13bb33e067,facing.biz,available,7.99,23.49,high,low,6,namesilo,,,
15513370-64e7-485c-a610-29ccdcceaa93,affixed.biz,available,7.99,23.49,medium,low,7,namesilo,,,
9a1c8b42-fe17-4378-9c87-f389e3800966,slight.biz,available,7.99,23.49,high,low,6,namesilo,,,
235b7cbf-8b4a-4e7a-b980-f7e9e37515db,scurvy.biz,available,7.99,23.49,medium,low,6,namesilo,,,
46da19a0-9e44-4f8f-a8ee-06b10e9de533,male.biz,premium,302.5,21.24,high,low,4,namesilo,,,
21dbe795-52ec-47bb-acd4-55a8ddf3738b,dormant.biz,premium,29.5,21.24,high,low,7,namesilo,,,
78f62977-ec65-4ab7-9834-2fd607fae43e,satisfied.biz,premium,29.5,21.24,high,low,9,namesilo,,,
4a1e1448-a420-4523-a217-3827d914b954,burred.biz,available,1.99,31.99,medium,low,6,name.com,,,08/08/2026 17:23
eebfe728-54a2-40a4-8a20-5dd3253a821b,rotation.biz,premium,31.99,,high,low,8,name.com,,,
15cfb673-41fa-48cc-b914-cd0af7959413,yell.biz,resell,,,high,low,4,Dynadot Inc,12/06/2012 17:07,11/06/2028 23:59,
6888091d-7a32-4df8-9781-1c796fba3f5f,twice.biz,premium,31.99,,high,low,5,name.com,,,
2491df5d-eb2f-485f-b6fa-c26fdfd093e4,flew.biz,premium,53.92,21.24,high,low,4,namesilo,,,
dfa7a51f-5780-4e8d-b269-0090f436ccbc,extempore.biz,available,8.48,28.98,high,low,9,namecheap,,,
6f4c1847-ddbc-4f53-9881-af5146650287,pungent.biz,available,8.48,28.98,high,low,7,namecheap,,,
23d114d3-7f79-4a3b-b139-499ce1125b45,you.biz,resell,,,high,medium,3,"NameCheap, Inc.",27/03/2002 01:12,26/03/2027 23:59,
d33d1b4a-ad3b-40f6-a76b-c4945cc156bd,astonish.biz,premium,29.5,21.24,high,low,8,namesilo,,,
120b0ea9-7adb-4daa-b1ac-da26401b6959,heptad.biz,available,7.99,23.49,medium,low,6,namesilo,,,
3782afdc-f61e-4803-969f-522e9d6c53e1,joking.biz,available,7.99,23.49,high,low,6,namesilo,,,
1c80d508-fe83-4a33-8cb7-251555a8c56b,eyewitness.biz,premium,29.5,21.24,high,low,10,namesilo,,,
77fdf3f3-85ff-4f50-950c-c0cd436aa672,hurry.biz,premium,31.99,,high,low,5,name.com,,,
6898ac65-c3f9-472a-9293-dfb25371d577,hanukah.biz,available,7.99,23.49,high,low,7,namesilo,,,
24e6f61e-6235-44fb-9df2-344f4228b2ab,seasick.biz,premium,31.99,22.5,medium,low,7,name.com,,,
4335ef2c-86eb-4601-970d-cf1530f7d983,macbook.biz,premium,29.5,21.24,high,high,7,namesilo,,,
53bca4c3-4c12-458c-850d-8fd6e6f849d5,bubble.biz,resell,,,high,low,6,"GoDaddy.com, LLC",21/01/2004 18:00,20/01/2027 23:59,
461c4ae1-5ad7-4c6e-9096-5ade9eb5fd59,freely.biz,resell,,,high,low,6,"Spaceship, Inc.",24/06/2025 22:06,24/06/2026 22:06,
95fca3e3-b871-4136-9ce0-3b94b5acfbb4,tracking.biz,premium,218.75,,high,low,8,name.com,,,
4afc3a71-0da1-4dcd-bb60-364d0545a7b2,eolian.biz,available,7.99,23.49,medium,low,6,namesilo,,,
0c506a88-8366-4fa3-88aa-10009570a1f8,sainted.biz,premium,29.5,21.24,high,low,7,namesilo,,,
316125b9-a1b3-40a9-8fc7-4b5c6d22b1a9,grandfather.biz,premium,29.5,21.24,high,low,11,namesilo,,,
d946628f-0ac7-4aab-b8ff-dff84fa7e43d,eolotropic.biz,available,7.99,23.49,medium,low,10,namesilo,,,
989b875d-f9a0-4f11-8346-aa815a50eb8d,toying.biz,available,7.99,23.49,high,low,6,namesilo,,,
fcc8cde4-add9-40e3-9ec9-5b145c8cc558,aggregate.biz,premium,29.5,21.24,high,low,9,namesilo,,,
0d220485-d354-4ec1-b9bd-0ca31dc9db21,mazed.biz,premium,29.5,21.24,medium,low,5,namesilo,,,07/08/2026 12:07
99891731-bcec-4d5b-bb00-99e54be187d0,chips.biz,premium,302.5,21.24,high,low,5,namesilo,,,
fd7e79fd-c8d8-4bb7-b2de-5d2ec127f650,advisable.biz,premium,29.5,21.24,high,low,9,namesilo,,,
4c5989d9-bb3b-4a08-9dd2-287e7c82ef80,thirty.biz,available,7.99,23.49,high,low,6,namesilo,,,
2cf64c0f-1970-4388-af1b-1d283e691e69,knotty.biz,resell,,,medium,low,6,"NameSilo, LLC",14/11/2025 22:04,14/11/2026 22:04,08/08/2026 08:12
f117cac0-2ead-4d04-aeac-3ff0364bde16,offhand.biz,available,8.48,28.98,high,low,7,namecheap,,,
9dd018ce-3808-4b31-8bb4-c2e5f54dfd52,skilled.biz,premium,218.75,,high,low,7,name.com,,,
a553e49d-0d80-4d38-b5fe-e3a30b8e0470,anaclitic.biz,available,7.99,23.49,medium,low,9,namesilo,,,
24bf866a-0942-4c9e-a12a-d2fb83738ffd,regular.biz,premium,218.75,,high,low,7,name.com,,,
e13a76b7-e7b0-40fe-a5d1-76b20be9ee65,atlantic.biz,resell,,,high,low,8,Tucows Domains Inc.,27/03/2002 11:17,26/03/2033 23:59,07/08/2026 13:38
ebb3b3ff-8d91-4309-a136-e29e74af050b,allometric.biz,available,7.99,23.49,medium,low,10,namesilo,,,
bcd89f21-2aeb-4a5e-9ba8-77822d75ea99,smoke.biz,premium,6250,,high,low,5,name.com,,,
b679b558-4e05-48fe-91de-bfba85d9bdaa,resemblance.biz,available,7.99,23.49,high,low,11,namesilo,,,
abfdd420-8f7e-45e7-a088-9c6270606925,rose.biz,resell,,,high,medium,4,"GoDaddy.com, LLC",27/03/2002 05:53,26/03/2027 23:59,
a925a9bf-8a4b-4fe4-8b9e-b926afbcba9f,retrieve.biz,premium,53.92,21.24,high,low,8,namesilo,,,
7bc4e306-c9e9-4444-9f57-d1f2f0f816d0,khakis.biz,available,11.99,,high,low,6,name.com,,,
cad23f62-f338-4192-9a93-f4d2fd131e0d,andromeda.biz,resell,,,high,low,9,Sav.com LLC,29/08/2021 19:07,29/08/2027 19:07,22/09/2026 21:23
47d2d31b-c38a-4bba-ac5f-84ec65b356c0,form.biz,resell,,,high,low,4,Dynadot Inc,27/03/2002 05:42,26/03/2027 23:59,
fa902205-2f51-4a36-a0b9-34a5e01ebe0c,idea.biz,available,,,high,low,4,,,,
d1d2569f-338c-4d25-91ba-0e6f5d2daaac,playfield.biz,premium,29.5,21.24,high,low,9,namesilo,,,
7fb33581-c392-467a-b677-4300c67e8e51,exactly.biz,premium,53.92,21.24,high,low,7,namesilo,,,
10673bfc-804f-4b5c-a0ad-d9292c8493f3,buck.biz,resell,,,high,low,4,"Wild West Domains, Inc.",26/04/2016 17:07,25/04/2027 23:59,24/09/2026 07:23
d29e2c49-4fe1-49b8-859b-0db64798be91,glossary.biz,premium,31.99,,high,low,8,name.com,,,
d487620c-bc8f-4e5b-9855-b1cfde69d935,dishonor.biz,premium,29.5,21.24,high,low,8,namesilo,,,
80cbbc8f-6337-482f-8c3c-854bd9a72088,coldly.biz,available,7.99,23.49,medium,low,6,namesilo,,,
68471370-11b9-4c9c-8007-75f0e715e436,acetabular.biz,available,7.99,23.49,medium,low,10,namesilo,,,
e1c20cbe-59f0-44a6-95e4-3c4e1ac412b2,affined.biz,available,7.99,23.49,medium,low,7,namesilo,,,
494ddb4b-c8af-45ec-80cb-1cb177ed89a1,measuring.biz,premium,62.5,,high,low,9,name.com,,,
ce26499a-cfe3-435b-897c-7d809e7204d1,multiple.biz,premium,29.5,21.24,high,low,8,namesilo,,,
206e4680-f317-4218-9ead-b251daf4892b,westminster.biz,premium,29.5,21.24,high,low,11,namesilo,,,
bc8ec314-8bb2-4ad1-8439-08e35b374229,ship.biz,resell,,,high,low,4,Sav.com LLC,15/05/2018 00:02,15/05/2027 00:02,
89303ce5-52e6-4687-acd5-4c69dc63cf78,animistic.biz,available,7.99,23.49,medium,low,9,namesilo,,,
436d3298-6cc5-4429-a194-020a9dc79bb8,angulate.biz,available,7.99,23.49,high,low,8,namesilo,,,
fc7ab87a-b87c-4c8e-8503-8fc75fb6c6a7,unskilled.biz,available,7.99,23.49,medium,low,9,namesilo,,,
ff080e87-ed35-48c7-beb9-7ddc188418e9,mouthguard.biz,available,11.99,,medium,low,11,name.com,,,
4e1c918c-5b47-4d1a-9518-d660f5400b11,tillable.biz,available,1.99,31.99,medium,low,8,name.com,,,06/08/2026 11:25
8350a2b3-6a59-41f2-8a4e-d42f0ffb6a5d,atrip.biz,premium,29.5,21.24,low,low,5,namesilo,,,07/08/2026 14:33
b99022bd-c2b1-4d84-a3d6-f135850f079a,lxxvii.biz,available,8.48,28.98,medium,low,6,namecheap,,,
b4d830ca-4d8a-4af6-898c-5fe00cc93993,attired.biz,available,1.99,31.99,medium,low,7,name.com,,,06/08/2026 04:47
c865e7e7-01cc-4492-9e86-ba6cdce9ee70,diner.biz,resell,,,high,low,5,Sav.com LLC,08/02/2026 18:07,08/02/2027 18:07,
a1f0e711-e453-4dcd-bae3-1e0be34d1732,bite.biz,premium,53.92,21.24,high,low,4,namesilo,,,08/09/2026 13:01
280e984a-c902-4fae-bebb-3c4286e5848a,returning.biz,premium,31.99,,high,low,9,name.com,,,
b93a88f8-9e4f-4f0e-bbb2-b6db695169f1,eddie.biz,premium,53.92,21.24,high,low,5,namesilo,,,
479d98e0-af7d-44e3-a0f4-1586e5bcb18d,allegoric.biz,available,7.99,23.49,medium,low,9,namesilo,,,
fd8ac83b-7857-4b62-8965-dee96f011c0f,algid.biz,available,7.99,23.49,medium,low,5,namesilo,,,
e05fe285-6ed3-459e-b794-1ec0e12d1948,atomistic.biz,available,1.99,31.99,low,low,9,name.com,,,07/08/2026 13:42
466ffbe5-c9cb-4615-b7f5-f6f4df1e0530,mash.biz,premium,53.92,21.24,high,low,4,namesilo,,,
62ab5791-b0e0-4c97-ada5-3e5a95a781de,could.biz,premium,31.99,,high,low,5,name.com,,,
39d01885-496c-4f45-93e4-0cece0db2c7a,snippet.biz,premium,29.5,21.24,high,low,7,namesilo,,,
1b93db9a-7917-4652-8035-5697c81bd03d,ought.biz,premium,29.5,21.24,high,low,5,namesilo,,,
426b6b73-da2f-4a38-ac87-3a6e36464cc9,abenaki.biz,available,7.99,23.49,high,low,7,namesilo,,,
5bd499d6-dfeb-428c-ad22-0d681b83335f,steamed.biz,premium,29.5,21.24,high,low,7,namesilo,,,
5547fb4c-82a6-4cd7-9fd2-2fe6d5c4acbb,corn.biz,premium,302.5,21.24,high,low,4,namesilo,,,
376f072f-fcd6-4903-bebb-f957c9006049,spontaneous.biz,premium,29.5,21.24,high,low,11,namesilo,,,
c956c053-8da7-4b85-bab8-883fda816306,candidacy.biz,available,7.99,23.49,high,low,9,namesilo,,,
30632bb8-f365-449f-ac6d-2ba0928f5aac,ana.biz,premium,937.5,,high,low,3,name.com,,,
939273ff-3afa-4244-b84f-f3d650d94798,measurement.biz,premium,31.99,,high,low,11,name.com,,,
7298c1bd-a6fd-4a97-9d05-d1bb5f873917,thought.biz,premium,302.5,21.24,high,low,7,namesilo,,,
61149cf8-2261-4750-bd4b-a7a5f90ff37a,andalusian.biz,available,7.99,23.49,high,low,10,namesilo,,,
a58865fc-6031-48d1-9c69-410513f5947e,universally.biz,premium,29.5,21.24,high,low,11,namesilo,,,
0023363c-db2f-4d8f-be5e-cf50bcf5eb3e,lucy.biz,resell,,,high,low,4,GoDaddy Online Services Cayman Islands Ltd.,04/12/2010 17:03,03/12/2026 23:59,
e9c56698-5841-474a-af0d-136a89705b6f,labor.biz,resell,,,high,low,5,Sav.com LLC,28/08/2020 18:06,28/08/2027 18:06,22/09/2026 19:39
5ba8e169-6dbd-472f-9368-223bd711469d,mosque.biz,resell,,,high,low,6,"Spaceship, Inc.",25/11/2025 02:52,25/11/2026 02:52,
33467063-7832-4696-b1a8-45f8f98b296f,bellbottom.biz,available,1.99,31.99,low,low,10,name.com,,,09/08/2026 13:21
bab433fe-e181-40fd-8da6-ff666f8e083f,protected.biz,premium,29.5,21.24,high,low,9,namesilo,,,
051ae1b0-1e7a-4a27-bbf0-26bd573e7874,estival.biz,available,7.99,23.49,medium,low,7,namesilo,,,
73c4f082-6e4e-40ff-b43c-c18bcc85a71e,condition.biz,premium,116,21.24,high,low,9,namesilo,,,
46ddc146-8ba2-45dd-b9f0-4ba14a72ac19,reported.biz,premium,53.92,21.24,high,low,8,namesilo,,,
f4ae38d0-cc6b-4b18-ac2a-54260a976449,voiceless.biz,premium,29.5,21.24,medium,low,9,namesilo,,,05/08/2026 23:23
9a8426f8-2e1b-43ba-8807-945b7fe6ddae,endowment.biz,premium,218.75,,high,low,9,name.com,,,
856a4c39-0825-4f74-a821-ef9457436755,advert.biz,resell,,,high,low,6,"Sav.com, LLC - 3",27/01/2026 00:00,27/01/2027 00:00,
d24457fc-1d44-4b8e-a924-5e25f22091cf,roiled.biz,available,1.98,28.98,medium,low,6,namecheap,,,
7cd99266-371d-4169-adf4-e3d218dd6e48,ttyl.biz,premium,53.92,21.24,medium,low,4,namesilo,,,
f100f3b0-c20f-4f59-b717-69baeb432436,torturing.biz,available,7.99,23.49,medium,low,9,namesilo,,,
c9f9db66-4ec5-4b63-b63f-c542b69fab6b,cone.biz,premium,53.92,21.24,high,low,4,namesilo,,,
fea5a31a-3e82-4c34-9818-a91167e319d2,century.biz,resell,,,high,low,7,Dynadot Inc,01/06/2025 19:34,01/06/2027 19:34,24/09/2026 07:37
01e8488b-a6d9-44cf-b2ac-586e4be41115,antipodean.biz,available,1.99,31.99,medium,low,10,name.com,,,
7b744cc4-0ffd-47af-b3d6-62f782e79862,underestimate.biz,available,7.99,23.49,high,low,13,namesilo,,,
29ebb19f-cd48-4b15-8461-2f386acafbf5,abusive.biz,premium,29.5,21.24,medium,low,7,namesilo,,,
ac7816f6-62c0-41e2-b382-40183e6e9c23,pinch.biz,premium,29.5,21.24,high,low,5,namesilo,,,
c89a738d-ba25-4080-b066-450ee1fceb62,ample.biz,premium,53.92,21.24,high,low,5,namesilo,,,
1aaa5aaf-7801-4eb5-9630-0c7e62a22028,trial.biz,premium,312.5,,high,low,5,name.com,,,
6eb1ea1a-f013-4c4b-8f68-119dcd3b1293,recognizable.biz,available,7.99,23.49,high,low,12,namesilo,,,
b4970fb0-6e61-4b83-896c-a5638447b579,abysmal.biz,premium,29.5,21.24,medium,low,7,namesilo,,,
ee482dfa-7c90-444f-b097-7bc955f9c64e,reticent.biz,premium,31.99,,medium,low,8,name.com,,,
e03c6c8c-6077-4e2c-b5e2-8b08caec01eb,creaky.biz,available,1.99,31.99,medium,low,6,name.com,,,06/08/2026 22:59
ea50fda5-480a-44a9-8cf3-8207c8e42d2f,axenic.biz,available,1.99,31.99,medium,low,6,name.com,,,08/08/2026 01:51
36556839-f859-425d-bc3a-86b49969330e,watching.biz,premium,29.5,21.24,high,low,8,namesilo,,,
f8664844-64ff-422c-8801-be5984ea9e60,stewart.biz,resell,,,high,low,7,"GoDaddy.com, LLC",04/12/2010 17:04,03/12/2026 23:59,
c2876b1f-d1d5-426b-8f92-da11dec441b8,electricity.biz,resell,,,high,low,11,Dynadot Inc,15/06/2018 00:21,15/06/2026 00:21,
0bb3457c-d612-41e6-b20a-5e11d2f586e4,went.biz,premium,53.92,21.24,high,low,4,namesilo,,,
d98a09d6-8a14-4abf-a244-1003b259f118,abkhazian.biz,available,7.99,23.49,medium,low,9,namesilo,,,
a8d3832d-916f-4c62-bf6b-a17048ca0720,mouthwash.biz,premium,31.99,,high,low,10,name.com,,,
51b61f14-064b-42c9-9674-6bbe6967f119,told.biz,premium,53.92,21.24,medium,low,4,namesilo,,,
e7ef3d7c-2195-4d17-bcee-1b7f15df324e,xxix.biz,premium,53.92,21.24,medium,low,4,namesilo,,,
f2c28724-027a-4ba0-8b21-b663c61df54a,pollen.biz,resell,,,high,low,6,Sav.com LLC,23/04/2026 09:33,23/04/2027 09:33,
fecf6c23-2cd5-42f9-9ec0-f5307453d75b,mild.biz,premium,53.92,21.24,high,low,4,namesilo,,,
8185d366-6915-4a6e-90f5-732221a6dda9,inexorable.biz,available,7.99,23.49,medium,low,10,namesilo,,,
d21636b9-5c35-478d-b91b-1f2007cc76ec,whether.biz,premium,29.5,21.24,high,low,7,namesilo,,,
4c32b676-29bf-49a3-b2ce-739d0d70cedc,preceding.biz,premium,29.5,21.24,medium,low,9,namesilo,,,
8510e227-b0f2-4e3a-8f84-6eea04d04f40,beatable.biz,available,1.99,31.99,medium,low,8,name.com,,,09/08/2026 05:37
4f6931ef-de5e-4d16-a988-0f629a9ace3d,informative.biz,premium,31.99,,high,low,11,name.com,,,
9cf17496-1377-4cf1-9e4e-b5a4d7c81465,lunar.biz,resell,,,high,low,5,Sav.com LLC,20/10/2024 19:42,20/10/2026 19:42,
1ef4871b-f4da-4c41-a49e-f44f9f01e788,song.biz,resell,,,high,low,4,"GoDaddy.com, LLC",02/05/2006 17:05,01/05/2028 23:59,
6c29381c-8fd0-44df-8e98-4cd230c2f8db,diminishing.biz,available,11.99,,high,low,11,name.com,,,
94768c46-f66e-43c6-9efd-70a0159b3d3b,pamper.biz,available,7.99,23.49,high,low,6,namesilo,,,
58e07c13-a870-4d86-8d8f-293dbcdaf05b,whereas.biz,premium,31.99,,high,low,7,name.com,,,
18ed5323-793b-4134-992a-9e68e0d42be9,ability.biz,resell,,,high,low,7,"Wild West Domains, Inc.",12/06/2004 17:01,11/06/2026 23:59,
29d48a17-5efb-4b2c-bc96-0c9ac5f009d9,shall.biz,premium,29.5,21.24,high,low,5,namesilo,,,
504aa71c-ee3c-42ba-b27e-50b73eefd4ad,statistics.biz,premium,1250,20,high,low,10,name.com,,,
680e98df-f68d-494e-81eb-643438261b90,quarter.biz,premium,218.75,,high,low,7,name.com,,,
ba67dfe5-de29-460a-8943-3553399fc643,pressing.biz,premium,31.25,,high,low,8,name.com,,,
9748d741-3ac5-4cd3-a1eb-970a1b1cacc6,suspect.biz,premium,29.5,21.24,high,low,7,namesilo,,,
a196c0c4-c356-49ff-9c44-10a2e64dd60d,simpson.biz,premium,218.75,,high,low,7,name.com,,,
8a97d33a-8e58-437f-b799-e79b88e8487a,truth.biz,available,,,high,low,5,,,,
0cbe8529-85c8-423d-9570-ae67a08bf14c,angel.biz,premium,6900,21.24,high,low,5,namesilo,,,24/09/2026 08:21
f90372ab-538e-444c-93d1-70847c1b785c,reasonably.biz,premium,29.5,21.24,medium,low,10,namesilo,,,
00b6a14f-e1fe-409b-96bf-0ecea18092d9,eighty.biz,available,8.48,28.98,high,low,6,namecheap,,,
f67e7017-3185-4c6a-a21d-21978800c21b,willingness.biz,premium,29.5,21.24,high,low,11,namesilo,,,
e1c44025-d02a-4737-8ec8-3d4b09abd528,bars.biz,resell,,,high,low,4,Dynadot Inc,27/03/2002 08:42,26/03/2028 23:59,
e900f0b2-06a0-4ac1-aabe-95d7469771aa,commission.biz,premium,625,,high,low,10,name.com,,,
91c27a8e-79a3-433b-a154-509388cb07b5,cooperation.biz,premium,31.99,,high,low,11,name.com,,,
dc02162f-3d19-403c-8ad2-4b9fe3e1202d,gran.biz,premium,62.5,,high,low,4,name.com,,,
ee0fb98b-5778-47c3-90cc-475d9d385b63,chose.biz,premium,29.5,21.24,high,low,5,namesilo,,,
d2c52bd3-a3a8-4cd0-8bd1-d37588354dec,fictive.biz,premium,29.5,21.24,medium,low,7,namesilo,,,07/08/2026 07:55
0853ed59-ae6e-473a-81c4-ae8de36c7c0d,philanthropic.biz,available,7.99,23.49,high,low,13,namesilo,,,
8d20ba8f-654d-4e39-ac9d-0a5fa42bbd7e,acherontic.biz,available,,,low,low,10,,,,
04e8bb50-26a6-4c4f-812b-846c57ddced2,smoking.biz,resell,,,high,low,7,"GoDaddy.com, LLC",27/03/2002 01:59,26/03/2027 23:59,
82509403-aecb-4276-85c6-9ef75139d8cd,adopted.biz,premium,29.5,21.24,high,low,7,namesilo,,,
0de4390d-6b7b-4888-9495-39f9d71b9086,critic.biz,available,11.99,,high,low,6,name.com,,,
7c31b6f9-e535-431d-8107-6d724e2bf469,askance.biz,available,1.99,31.99,medium,low,7,name.com,,,07/08/2026 02:56
02bf44d4-c994-4544-accc-53a26bd74975,andean.biz,available,7.99,23.49,high,low,6,namesilo,,,
bfd1a709-d110-4330-b1b9-90980dd8087d,million.biz,resell,,,high,low,7,"GoDaddy.com, LLC",27/03/2002 04:41,26/03/2027 23:59,
f81b9bcd-e157-41be-9390-0eec4923526a,cassette.biz,premium,29.5,21.24,high,low,8,namesilo,,,
f6d04241-da12-49e7-9702-4e3e1284389f,adrenal.biz,premium,29.5,21.24,high,low,7,namesilo,,,
37ebe0f0-dd2f-49e3-9fb4-6d946268bebf,pregnant.biz,resell,,,high,low,8,Tucows Domains Inc.,27/03/2002 06:58,26/03/2027 23:59,
4f590309-ac1d-44be-b17c-c23a9d2522af,peeved.biz,available,1.98,28.98,medium,low,6,namecheap,,,
9d19ceef-aff6-4216-838b-9a06a470197c,probably.biz,premium,29.5,21.24,high,low,8,namesilo,,,
f74107a0-8a6a-49fd-a50d-46eec50dbe49,mouse.biz,resell,,,high,low,5,"GoDaddy.com, LLC",11/06/2004 17:26,10/06/2026 23:59,
d96d9678-dab0-4bbd-bce9-673f88d5a0e5,comprehend.biz,premium,29.5,21.24,high,low,10,namesilo,,,
179cb900-d534-4c21-bd46-7d1e3d60aec7,danger.biz,premium,31.99,,high,low,6,name.com,,,
4ab58a09-eeef-4e53-89a4-c956ee8d50ea,heal.biz,resell,,,high,low,4,"GoDaddy.com, LLC",20/05/2002 22:49,19/05/2027 23:59,
b7659b89-1d11-4c7e-9c73-9076b7286429,fundament.biz,premium,29.5,21.24,medium,low,9,namesilo,,,09/08/2026 10:59
fe40fc95-a19e-4930-b37a-bcbdede8ffc5,knew.biz,premium,53.92,21.24,medium,low,4,namesilo,,,
7b068e67-c9d6-4e44-b152-610293365ed8,bedhead.biz,premium,31.99,,medium,low,8,name.com,,,
f939b938-7825-433d-a658-77b825c5d82f,indorse.biz,available,1.99,31.99,medium,low,7,name.com,,,08/08/2026 05:17
24d7eb0b-89c4-447f-b1de-6e783d206ac4,sevener.biz,available,7.99,23.49,medium,low,7,namesilo,,,
57dc3588-ce40-426a-a700-3e10c20977f3,unkeyed.biz,available,1.99,31.99,low,low,7,name.com,,,07/08/2026 13:50
fff1fbd5-cca5-404f-9fe2-6c794182dc1f,allergenic.biz,available,7.99,23.49,medium,low,10,namesilo,,,
88b08ae2-a55f-48fb-85a7-8935f8825391,beforehand.biz,available,1.99,31.99,medium,low,10,name.com,,,09/08/2026 08:51
f48a0d84-6ec5-4773-af73-01bb4daa3cab,resolvable.biz,available,7.99,23.49,high,low,10,namesilo,,,
911dce9c-d8ea-42e8-ac85-d3e1d0d254ef,distribute.biz,premium,53.92,21.24,high,low,10,namesilo,,,
2514fa1b-3c44-41f8-b0f4-28f9a8474d2e,cleansing.biz,premium,29.5,21.24,high,low,9,namesilo,,,
4fb72bd0-bf8e-45b4-a0a8-461a1daa9503,affidavit.biz,premium,29.5,21.24,high,low,9,namesilo,,,
5bb7f6cc-c580-4138-a757-8e02283c095e,tree.biz,resell,,,high,low,4,"Sea Wasp, LLC",27/03/2002 01:26,26/03/2027 23:59,
7d5c2002-caee-4a10-9dd9-156b005adbc5,fifteenth.biz,premium,29.5,21.24,high,low,9,namesilo,,,
bd621dfd-95f2-4afe-970e-3bca201f947b,apostolic.biz,resell,,,medium,low,9,"Wild West Domains, Inc.",28/11/2020 18:50,28/11/2026 18:50,06/08/2026 04:04
31a0e8dd-e205-4f62-b682-79f3c65e3ff4,carriage.biz,resell,,,high,low,8,"GoDaddy.com, LLC",01/10/2021 18:21,01/10/2026 18:21,
500ec0be-afa3-4f14-80cb-1cb8c2aa48bd,appointed.biz,premium,53.92,21.24,high,low,9,namesilo,,,06/08/2026 07:21
0285e795-02d6-4fdf-afc8-741efbc48ec1,squat.biz,available,7.99,23.49,high,low,5,namesilo,,,
8d0151a7-dc18-4f27-893a-eccfd2e70690,superbly.biz,premium,29.5,21.24,high,low,8,namesilo,,,
497bf26d-06ed-406b-b882-3f518a1b4389,travelled.biz,premium,29.5,21.24,high,low,9,namesilo,,,
b2341c76-7793-4dca-bb1c-8d8fc4d823be,incidence.biz,premium,29.5,21.24,high,low,9,namesilo,,,
eda5413e-aba4-48eb-8144-2bcb81b366e4,oppose.biz,available,7.99,23.49,high,low,6,namesilo,,,
03a4fbba-b955-48e0-a297-08bb2f13941c,makeover.biz,premium,29.5,21.24,high,low,9,namesilo,,,
154be104-7f68-4dd4-a775-849582cfabe1,peeking.biz,premium,29.5,21.24,high,low,7,namesilo,,,
eab66a19-c57d-49ef-a558-39215517b494,abradant.biz,available,7.99,23.49,medium,low,8,namesilo,,,
c8f384de-b546-4469-8bf2-a7652c3301ea,toward.biz,available,7.99,23.49,high,low,6,namesilo,,,
35bd62ea-2de3-4ee1-8418-731273eedb68,untrue.biz,available,7.99,23.49,medium,low,6,namesilo,,,
4023bfaf-a6be-41f4-833e-a1c3183d7a81,junior.biz,resell,,,high,low,6,Sav.com LLC,19/11/2023 17:34,19/11/2026 17:34,
1a238895-0f7b-4bf8-9f82-1cb784995798,alarming.biz,premium,29.5,21.24,medium,low,8,namesilo,,,
df35a952-0c6b-462a-9105-b246ad924320,limitation.biz,premium,29.5,21.24,medium,low,10,namesilo,,,
37b1d401-a90d-4592-af11-9a922790076f,keister.biz,premium,29.5,21.24,low,low,7,namesilo,,,09/08/2026 11:08
626bb62f-5a25-48e9-8c88-63b9638ee297,strategic.biz,resell,,,high,low,9,Dynadot Inc,19/08/2016 17:23,18/08/2027 23:59,21/09/2026 02:11
b6870e37-e95e-44df-a7d0-67ea1484bfcf,tub.biz,resell,,,high,low,3,"Sea Wasp, LLC",30/04/2004 17:09,29/04/2027 23:59,
02f999b6-adf6-4fa3-b90f-defcd1e63ef5,jewellery.biz,resell,,,high,low,9,"GoDaddy.com, LLC",09/06/2005 17:03,08/06/2026 23:59,
1be8eed8-25a5-44ff-a3ac-797586754da3,ague.biz,premium,53.92,21.24,medium,low,4,namesilo,,,
82e1e1ae-cc43-4a9e-b586-2c4eaf737951,bathroom.biz,resell,,,high,low,8,"GoDaddy.com, LLC",27/03/2002 05:13,26/03/2027 23:59,
bdd20127-8280-45dd-8f23-4b22cd8169dd,phantasmal.biz,available,1.99,31.99,medium,low,10,name.com,,,06/08/2026 05:33
88814aea-9899-44f9-b51d-c66c479a4c5a,francesca.biz,premium,29.5,21.24,high,low,9,namesilo,,,
bd9b64b2-9f6d-47bf-8cd6-0c253257ae19,relating.biz,premium,62.5,,high,low,8,name.com,,,
89b45d8f-cffc-4d68-a5af-aebfcaaf8567,already.biz,premium,937.5,,high,low,7,name.com,,,
65b94bc2-20c3-4afb-b5f1-8b3de09ba09b,atonal.biz,available,1.99,31.99,medium,low,6,name.com,,,07/08/2026 13:46
05662130-3640-4df7-af5c-cfb816f863e6,nephew.biz,resell,,,high,low,6,"GoDaddy.com, LLC",22/11/2025 09:35,22/11/2026 09:35,
59e2a9bd-9a0e-4039-8288-968171e1fa67,hundredth.biz,premium,29.5,21.24,high,low,9,namesilo,,,
19f60919-1a5a-47d8-ad9f-6bce68c27ac1,uphill.biz,resell,,,medium,low,6,"Spaceship, Inc.",25/11/2025 02:38,25/11/2026 02:38,
c10e954c-76dc-4bb5-abb9-a3855234803e,anal.biz,resell,,,high,low,4,united-domains GmbH,24/10/2021 08:08,24/10/2026 08:08,
48878c53-d5ae-4d9b-bf50-8637df0a7404,courtroom.biz,resell,,,high,low,9,"NameCheap, Inc.",16/10/2024 02:24,16/10/2026 02:24,
6498e204-18ed-4ce2-b65c-fae7f54f28fc,enraged.biz,premium,29.5,21.24,medium,low,7,namesilo,,,
be0bb1ed-abf4-45aa-b7e8-d1522dfdcb47,anarchic.biz,available,7.99,23.49,medium,low,8,namesilo,,,
8050a7c7-df94-451c-8203-1082f0b4761d,quintet.biz,premium,29.5,21.24,high,low,7,namesilo,,,
14cfce37-6576-429b-91cb-231174b73fae,fatuous.biz,available,1.99,31.99,low,low,7,name.com,,,07/08/2026 02:39
a987fe61-3e23-4be8-9800-d60de4f566b6,agelong.biz,available,7.99,23.49,medium,low,7,namesilo,,,
961d10b3-a573-42e4-83e8-535a0042ad83,guarantee.biz,resell,,,high,low,9,"GoDaddy.com, LLC",24/01/2006 17:06,23/01/2027 23:59,
4ad4744d-f578-4f47-a434-3efdc169d7d8,etiologic.biz,available,7.99,23.49,medium,low,9,namesilo,,,
9f5c9fe1-438e-4981-ba65-8e4dfa36ef81,yur.biz,premium,937.5,,high,low,3,name.com,,,
e3c52ea8-da19-415f-9db3-e3e9587028df,germicide.biz,available,1.99,31.99,high,low,9,name.com,,,
e21a3513-b83a-47ff-953e-a9ab01959327,asunder.biz,premium,29.5,21.24,medium,low,7,namesilo,,,07/08/2026 10:20
3ec58d19-8633-4fc1-beb0-03df3467e73e,gates.biz,premium,29.5,21.24,high,low,5,namesilo,,,
6c0fd5a0-a678-448c-bd01-6427b673c6ac,lonely.biz,premium,29.5,21.24,high,low,6,namesilo,,,
17062218-c695-41c7-952f-3d21150b7396,sounding.biz,premium,29.5,21.24,high,low,8,namesilo,,,
07fbe958-06ed-49c8-a2b3-eba97003db1f,onto.biz,resell,,,high,low,4,Above.com Pty Ltd.,27/03/2026 07:50,27/03/2027 07:50,
0a45c01d-7ca0-4dad-87fe-f570bf17a0ba,luck.biz,resell,,,high,low,4,Dynadot Inc,27/03/2002 03:38,26/03/2027 23:59,
f72481a6-574c-4b57-8038-7b255532f03d,sniff.biz,premium,29.5,21.24,high,low,5,namesilo,,,
6f04f2b9-e417-4077-809f-7d6e87cd30a6,democrat.biz,premium,53.92,21.24,high,low,8,namesilo,,,
729e8854-c6f4-462b-b0e1-d058d2a309f8,society.biz,premium,625,,high,low,7,name.com,,,
3c2905ab-a81f-4815-a2bc-1cedbc2cbe43,facet.biz,premium,29.5,21.24,high,low,5,namesilo,,,
bd5fb254-daae-4423-b957-262ef0090d7a,flu.biz,resell,,,high,low,3,"GoDaddy.com, LLC",27/03/2002 06:09,26/03/2027 23:59,
a468db46-458d-461e-84ad-5e0fd5892eab,amyloid.biz,premium,29.5,21.24,medium,low,7,namesilo,,,
ef2b1ce0-8898-4740-9b73-90cfd0070fcc,negotiable.biz,premium,29.5,21.24,high,low,10,namesilo,,,07/08/2026 06:30
927d8597-d965-446e-acb7-70e14549ae09,opposable.biz,available,1.99,31.99,medium,low,9,name.com,,,06/08/2026 07:43
dd9ffc4d-e879-46ae-8204-d27c9c23b18f,aguish.biz,available,7.99,23.49,medium,low,6,namesilo,,,
6877eaf4-2131-4138-99b3-904a3309493d,possession.biz,premium,31.99,,high,low,10,name.com,,,
4ef39e87-c296-4d57-b166-a33196069c51,abkhasian.biz,available,7.99,23.49,medium,low,9,namesilo,,,
741ef05c-71de-4dd9-8e35-6f2334054233,indefinite.biz,premium,29.5,21.24,high,low,10,namesilo,,,
3c768538-2dc1-41a7-8aed-e8e7e2e8d543,debased.biz,available,7.99,23.49,medium,low,7,namesilo,,,
c6ba1b01-3734-4cf2-88aa-edabc4135a02,apish.biz,premium,29.5,21.24,medium,low,5,namesilo,,,06/08/2026 00:12
d4f9ac6e-f73f-4d01-8e6d-9232c57538bd,wastebasket.biz,available,7.99,23.49,high,low,11,namesilo,,,
95af1df8-fe5e-47ee-80f7-cfcf92c451ea,procrastinate.biz,available,11.99,,medium,low,13,name.com,,,
f09fbf90-cce6-4018-93f6-c72c1ede296a,mcmuffin.biz,available,11.99,,high,low,8,name.com,,,
4e97777d-e9a6-4db5-8d58-8fd9bf6df4ec,expire.biz,resell,,,high,low,6,Key-Systems GmbH,26/01/2019 00:01,26/01/2027 00:01,
fb1f246b-198c-4c0e-9a0f-128af3c38d98,maybe.biz,premium,31.99,,high,low,5,name.com,,,
28cbe082-d8a0-4c29-a5b9-4cfbd49eaa13,disparity.biz,premium,29.5,21.24,high,low,9,namesilo,,,
fe8681c1-e47b-4dbb-b9a1-10774af8c39d,nonplussed.biz,available,1.99,31.99,medium,low,10,name.com,,,07/08/2026 10:48
a95a246e-e46a-4b33-b1d2-71219b6d6d46,acknowledge.biz,premium,31.99,,high,low,11,name.com,,,
25371c02-cced-429e-8d67-182773b94d20,concussion.biz,premium,29.5,21.24,high,low,10,namesilo,,,
19ed52f2-cf51-4a80-9c61-a416f017ad85,hanger.biz,resell,,,high,low,6,"Spaceship, Inc.",25/11/2025 02:45,25/11/2026 02:45,
da1e2e09-f25f-4d2c-b5b4-5438c21e7812,shapeless.biz,premium,31.99,22.5,medium,low,9,name.com,,,
3510e172-4672-4394-bdfc-eda8fd966f11,math.biz,resell,,,high,medium,4,"GoDaddy.com, LLC",27/03/2002 06:22,26/03/2027 23:59,
0b52e127-c92f-4f39-9ea6-82e5fc0ed506,surfaces.biz,premium,29.5,21.24,medium,low,8,namesilo,,,
66d2e1e3-2da8-460d-8e2e-f4be02b0f261,shoulders.biz,premium,29.5,21.24,high,low,9,namesilo,,,
c9a04c70-8109-49f1-a069-3bb0535371a0,implied.biz,premium,29.5,21.24,high,low,7,namesilo,,,
f0d17581-0288-4be4-8171-e125c866731b,jock.biz,premium,53.92,21.24,high,low,4,namesilo,,,
c063f6e8-6383-40a5-a940-39ca2060b325,existence.biz,premium,29.5,21.24,high,low,9,namesilo,,,
2396b65c-ec4a-4667-ac9c-0d1c1c296300,matrix.biz,available,,,high,medium,6,,,,
14518b6c-06c2-49c3-803c-531003d82987,necessarily.biz,available,7.99,23.49,high,low,11,namesilo,,,
0ddd5358-3190-483c-b504-f1f897877cb8,lag.biz,premium,937.5,,high,low,3,name.com,,,
aa23d685-6778-4ab9-97c0-8871d96c4f14,wanting.biz,premium,29.5,21.24,high,low,7,namesilo,,,
69ca96c2-6d67-441c-8bc0-faf5d7666286,lisbon.biz,premium,6250,,high,low,6,name.com,,,
d70091f2-1cb2-43c7-9658-657a6dc0953e,accounted.biz,premium,29.5,21.24,medium,low,9,namesilo,,,
c6c40b98-38da-4679-8c2f-e00e957a9d5d,friends.biz,premium,6250,,high,medium,7,name.com,,,
196a3dc5-af93-45cb-9188-e15c8f913651,sumbody.biz,premium,29.5,21.24,low,low,7,namesilo,,,
517d18c3-5b9e-46bf-b6b7-276529f5d01b,avellan.biz,available,1.99,31.99,medium,low,7,name.com,,,07/08/2026 22:24
95858ef0-5487-4db4-8814-eb1d555641ef,triangle.biz,available,,,high,low,8,,,,
5adfe4ea-9034-4968-865f-51aa558f6251,conflicted.biz,premium,29.5,21.24,medium,low,10,namesilo,,,
d75283bc-219a-42cd-902c-8c7d640e07f5,buying.biz,resell,,,high,low,6,Dynadot Inc,02/06/2004 17:03,01/06/2027 23:59,24/09/2026 07:28
5b167fea-41c8-4697-96c5-65d72610a11f,leaders.biz,premium,937.5,,high,low,7,name.com,,,
484a088b-34c2-46ed-a390-5039580bbf3a,amuck.biz,premium,29.5,21.24,medium,low,5,namesilo,,,
52c43d9c-d128-4939-b27a-dcf0d05efed9,addressed.biz,premium,53.92,21.24,high,low,9,namesilo,,,
473a3603-b77f-40ca-b435-273f4a90006a,arum.biz,premium,53.92,21.24,medium,low,4,namesilo,,,06/08/2026 20:20
69f7775d-42f2-415c-9349-37f2ccb128b2,accept.biz,premium,625,,high,low,6,name.com,,,
0c3f918c-54fe-41ef-979d-da5f1d803f2e,ixl.biz,premium,937.5,22.5,medium,low,3,name.com,,,
f71f653f-880e-4cca-b1e8-dccfbe2b25d0,elsewhere.biz,premium,31.99,,high,low,9,name.com,,,
a2310d2b-2e4e-41f7-878d-71d3ed7d5373,acronymous.biz,available,7.99,23.49,medium,low,10,namesilo,,,
19c4146e-0162-4304-b482-c99247ef7e26,untypical.biz,available,1.99,31.99,medium,low,9,name.com,,,07/08/2026 16:10
869bdc18-ce31-4c17-a2ee-a9cd9acdad36,kit.biz,resell,,,high,low,3,"GoDaddy.com, LLC",31/05/2005 17:05,30/05/2027 23:59,
0046caee-9c90-4d33-b11d-199f2c70f900,try.biz,resell,,,high,low,3,Dynadot Inc,07/07/2022 05:39,07/07/2027 05:39,
5fa51d89-49e5-4106-a2fa-477ea126c35f,tailless.biz,available,1.99,31.99,medium,low,8,name.com,,,05/08/2026 21:33
09640406-3cc4-44f7-8346-73b8139c572e,insolvent.biz,premium,29.5,21.24,medium,low,9,namesilo,,,08/08/2026 13:34
42bd2a18-f522-49de-b3d6-6dd5bc0e023e,acceptive.biz,available,7.99,23.49,medium,low,9,namesilo,,,
bea3c3d5-1ac8-48e1-b70b-902cc8925844,recognition.biz,premium,29.5,21.24,high,low,11,namesilo,,,
aacca49e-bf05-43c4-aafe-357969cb6e33,murder.biz,resell,,,high,low,6,"GoDaddy.com, LLC",23/11/2025 06:00,23/11/2026 06:00,
ebd68222-fc9b-444a-a9dd-d8c5cbb270ac,gaslighter.biz,available,7.99,23.49,medium,low,11,namesilo,,,
ec997d10-6ee4-492e-b8ee-1006cdf6c488,enthusiasm.biz,premium,29.5,21.24,high,low,10,namesilo,,,
17fd47b3-1cb2-4367-bddf-9421290ede93,commonly.biz,premium,29.5,21.24,high,low,8,namesilo,,,
ff3f2eaf-f310-4407-841a-f2679d489c6c,lindsay.biz,resell,,,high,low,7,"DNC Holdings, Inc.",07/11/2001 17:56,06/11/2027 23:59,
afb7fa5d-d6ae-4edb-92a8-2b99904160c2,flee.biz,premium,53.92,21.24,high,low,4,namesilo,,,
f740bc67-f077-4f28-9b57-c3e94d4b10f0,ding.biz,resell,,,high,low,4,"GoDaddy.com, LLC",22/01/2006 17:05,21/01/2027 23:59,
4ad13400-0faa-4092-900b-3732ee9d9f41,inundated.biz,available,1.99,31.99,medium,low,9,name.com,,,08/08/2026 00:29
9b1f77c3-b524-4ed7-bf50-29e8904febb2,wonky.biz,premium,29.5,21.24,medium,low,5,namesilo,,,07/08/2026 03:46
4af98e9d-a054-4f70-aa3f-e3c7bda530e2,difficulty.biz,premium,29.5,21.24,high,low,10,namesilo,,,
f2dad1d4-7581-4b2c-b6c9-91bafab27f56,sighted.biz,available,7.99,23.49,high,low,7,namesilo,,,
eea225ee-7b4b-4d2f-8b27-59f6fa6ddb0e,annelid.biz,available,1.98,28.98,medium,low,7,namecheap,,,
411afa64-9280-4c1e-b0ba-f75bd50571c1,actively.biz,premium,29.5,21.24,high,low,8,namesilo,,,
f6039f7d-a0f0-4dab-88a1-febecbd8a0dc,phoebe.biz,resell,,,medium,low,6,"Net-Chinese Co., Ltd.",31/03/2004 02:43,30/03/2034 23:59,
a03f051a-17e2-4ba9-b46e-f2dc357a133d,eyry.biz,premium,53.92,21.24,high,low,4,namesilo,,,
e5f534ef-a2fe-4daa-8146-949a888abce4,fuckster.biz,available,7.99,23.49,low,low,8,namesilo,,,
5a2a27b2-a19d-4c4e-a888-4c2e5ca1713d,discard.biz,premium,53.92,21.24,high,low,7,namesilo,,,
88c79425-f6f4-4718-b45a-3af4942cf2f2,antioxidant.biz,premium,53.92,21.24,high,low,11,namesilo,,,
ea786f75-e704-4db5-b98e-31dc1825ff3b,briefcase.biz,premium,31.99,,high,low,9,name.com,,,
46d2c4e5-1f71-4f03-8c5e-39201614eecf,call.biz,resell,,,high,low,4,"007Names, Inc.",27/03/2002 09:43,26/03/2027 23:59,24/09/2026 07:29
9e5374cf-e1c5-42c3-aaa1-545e2f061608,primer.biz,resell,,,high,low,6,"Spaceship, Inc.",25/11/2025 02:52,25/11/2026 02:52,
2b39bf98-a23d-419d-a29d-54038932fc1e,soppy.biz,premium,29.5,21.24,medium,low,5,namesilo,,,09/08/2026 01:14
ceb5e868-e0d7-429f-8e62-49eea3c23951,warranty.biz,premium,312.5,,high,low,8,name.com,,,
e6dd9ff5-61e6-4691-aa80-a95704f967bb,hole.biz,premium,53.92,21.24,high,low,4,namesilo,,,
97790351-d560-4e7a-bb2f-333a8da8f6e9,spidery.biz,available,1.99,31.99,medium,low,7,name.com,,,06/08/2026 11:46
0501b827-e1a3-41af-93b9-ba76aea58cb3,gentle.biz,premium,302.5,21.24,high,low,6,namesilo,,,06/08/2026 19:29
379c373c-b5a3-4fb6-88d9-1565919c7d8d,baked.biz,premium,29.5,21.24,high,low,5,namesilo,,,
f1d2b620-8aeb-4dec-a351-c2e01f271b12,unending.biz,available,7.99,23.49,high,low,8,namesilo,,,
a0441362-4d76-413f-bede-6f1b1125ecbf,jupiter.biz,resell,,,high,low,7,Dynadot Inc,11/06/2024 01:06,11/06/2026 01:06,
5f4abb27-69a5-4efb-a565-212500151589,beautifully.biz,premium,29.5,21.24,high,low,11,namesilo,,,
4115afd4-db69-4f30-bc3f-0ec0aeb702d2,cappuccino.biz,premium,29.5,21.24,high,low,10,namesilo,,,
7ed4af0f-9f88-40b0-a744-53d3eb8aa63b,mid.biz,premium,937.5,,high,low,3,name.com,,,
de046bd0-4e33-4c96-b37a-096fdf4b8bd2,backside.biz,premium,29.5,21.24,medium,low,8,namesilo,,,09/08/2026 10:44
60d62cc8-ea8b-4fbe-be85-9b4cc6118fc8,normal.biz,available,,,high,low,6,,,,
a958e9dd-361c-445f-b2a1-5cfae1960825,justification.biz,available,7.99,23.49,high,low,13,namesilo,,,
1c111440-e17d-4b16-bef6-72bbb805bb62,lan.biz,premium,937.5,,high,low,3,name.com,,,
3db6c149-d764-4e09-bb9d-a853c82ab534,alaskan.biz,premium,29.5,21.24,high,low,7,namesilo,,,
9876b463-93bd-4a18-9389-46450705e324,consumer.biz,resell,,,high,low,8,Sav.com LLC,29/08/2018 00:08,29/08/2027 00:08,22/09/2026 20:31
456af28d-0a44-4c2b-b464-4e87a37fa5e0,bandy.biz,premium,29.5,21.24,high,low,5,namesilo,,,08/08/2026 11:45
1849a7b1-6461-46f2-86a3-5bd2827e4a1d,doughnut.biz,premium,29.5,21.24,high,low,8,namesilo,,,
35ccfbf1-783c-49b6-ae64-8daa79345e23,dismay.biz,available,7.99,23.49,high,low,6,namesilo,,,
d3f2a951-21f8-432c-aa62-9fdbf35d1280,uppercase.biz,premium,29.5,21.24,high,low,9,namesilo,,,
ceaff38c-359b-445f-84aa-7996c79db696,threatening.biz,premium,29.5,21.24,medium,low,11,namesilo,,,
97ee33c0-7881-4ab1-96bf-97f3e4326165,aramean.biz,available,1.99,31.99,medium,low,7,name.com,,,06/08/2026 12:02
fa36b9aa-37e7-40e8-8c1b-aaf40b2f59b7,quickness.biz,premium,29.5,21.24,high,low,9,namesilo,,,
c8e4f38d-c2e3-4692-b379-b05f3ebd890a,rough.biz,premium,29.5,21.24,high,low,5,namesilo,,,06/08/2026 09:39
2781987a-ee68-45c0-94f0-4c250ab944a7,inverse.biz,premium,29.5,21.24,high,low,7,namesilo,,,
bc23daf0-48e8-44df-b90f-f702f18ff25d,ironic.biz,resell,,,high,low,6,"Spaceship, Inc.",25/11/2025 02:46,25/11/2026 02:46,
7d117758-ad8a-4851-8fe3-021415d93ee8,dilute.biz,available,7.99,23.49,high,low,6,namesilo,,,
f7bef56d-12c2-4a61-bd1f-2e4b4ed96d64,teeth.biz,premium,1107,21.24,high,low,5,namesilo,,,
21473e1d-379b-43f6-a918-9f83faf99b5f,discredit.biz,premium,29.5,21.24,high,low,9,namesilo,,,
962b9d1d-67eb-4cfc-b406-37c17ad15f10,soaker.biz,available,7.99,23.49,medium,low,6,namesilo,,,
e050d913-bd1a-42f3-8069-a73e11fdc634,anuran.biz,available,1.99,31.99,medium,low,6,name.com,,,05/08/2026 20:48
4861ad52-137e-488d-9d9d-799ec3d57f0e,believable.biz,premium,29.5,21.24,high,low,10,namesilo,,,09/08/2026 13:01
fd6098c7-60a1-48f0-91b2-0872a171647a,ahuh.biz,premium,53.92,21.24,high,low,4,namesilo,,,
c1971db0-ca12-4cc7-b967-2059dc936dc2,afoot.biz,premium,29.5,21.24,medium,low,5,namesilo,,,
3e27bf64-d697-4251-bf85-a387ecfbaf18,neutrality.biz,resell,,,high,low,10,"Spaceship, Inc.",25/11/2025 03:29,25/11/2026 03:29,
098c97c3-c2ac-4dce-9bda-fe7190792952,briefing.biz,resell,,,high,low,8,"GoDaddy.com, LLC",15/11/2001 03:22,18/11/2026 23:59,
06481082-0be9-4e5a-8c2c-8b0d4dc98a0d,lcd.biz,resell,,,high,low,3,Sav.com LLC,31/05/2005 17:05,30/05/2027 23:59,
63e73727-845f-4863-a2f8-a43f178042bd,shaper.biz,resell,,,high,low,6,"Spaceship, Inc.",25/11/2025 02:53,25/11/2026 02:53,
0657c380-e69b-4222-8607-3bdd3dcfb895,equally.biz,premium,29.5,21.24,high,low,7,namesilo,,,
710363ca-e79d-47ac-9d45-8e5a06d0f401,aeolian.biz,premium,29.5,21.24,medium,low,7,namesilo,,,
55d02fe7-6de8-4318-8f99-fe64036b4ec6,ammoniac.biz,available,7.99,23.49,medium,low,8,namesilo,,,
c2c1d6bd-9667-4d42-a1e9-7332928680df,skateboarding.biz,premium,31.99,,high,low,13,name.com,,,
e31a4a73-3be7-4904-b76e-e0e88e8a96a6,vector.biz,resell,,,high,low,6,"GoDaddy.com, LLC",27/03/2002 02:28,26/03/2027 23:59,
43193c34-a4b8-4c7f-bc72-2808e245d538,asked.biz,premium,29.5,21.24,high,low,5,namesilo,,,
dd4bf5fe-7aad-40f8-bb43-c2eda2b62665,irrational.biz,premium,29.5,21.24,high,low,10,namesilo,,,
721b6b6e-f202-449e-b36b-eae5304464ea,rejoin.biz,available,7.99,23.49,high,low,6,namesilo,,,
1a60fc5d-3efa-4629-8b3a-b4cb893b3245,effectively.biz,premium,29.5,21.24,high,low,11,namesilo,,,
3d051512-56dc-420a-8f62-a74e5414de43,anabolic.biz,premium,53.92,21.24,high,low,8,namesilo,,,
9f4bd278-2b05-44f4-9ada-571a1bd2dd1c,ultimately.biz,available,7.99,23.49,high,low,10,namesilo,,,
bef6ccad-8aa1-458d-b541-239916e38695,dishonour.biz,available,7.99,23.49,medium,low,9,namesilo,,,
875b2460-69dc-4de7-ae09-cb04d26b04ad,rudderless.biz,available,7.99,23.49,medium,low,10,namesilo,,,
d5bfef08-ccc8-4fca-bd44-6fb3b8d9705e,bahamas.biz,resell,,,high,high,7,"Domain Registration Services, Inc. dba dotEarth.com",27/03/2002 05:19,26/03/2027 23:59,24/09/2026 06:58
a84e4a16-cfd4-4c08-a10c-2e01a89546c3,roads.biz,premium,29.5,21.24,high,low,5,namesilo,,,
d13049f7-bf99-4be0-b877-e91dfecd3f6b,adamant.biz,premium,29.5,21.24,high,low,7,namesilo,,,
ef3e293a-2b8b-4aad-8e36-faa66e746574,aware.biz,premium,1107,21.24,high,low,5,namesilo,,,
9db2c356-3389-4be5-ba39-7d629edff2e9,pies.biz,premium,53.92,21.24,medium,low,4,namesilo,,,
f6e1d6b4-87d3-424c-879f-7a07d9e228f6,bali.biz,resell,,,high,medium,4,"Name.com, Inc.",27/03/2002 11:01,26/03/2027 23:59,
7ff6bc84-a4ea-471a-8a12-e8ea306e4d53,amylaceous.biz,available,7.99,23.49,medium,low,10,namesilo,,,
05420f69-056d-4b42-b471-a0d044f9e9ea,disrespect.biz,premium,29.5,21.24,high,low,10,namesilo,,,
e413fae3-98cd-43d3-9960-d833a3d2e430,allowable.biz,premium,29.5,21.24,high,low,9,namesilo,,,
b7edefc9-7085-4675-9d3d-ac3104dd50fd,philistine.biz,available,1.99,31.99,medium,low,10,name.com,,,
c51db72c-2f04-4466-a9a2-6a8e479c094d,evaporate.biz,premium,29.5,21.24,high,low,9,namesilo,,,
b0aa6eff-a39f-4e10-aa18-79a67fc31d77,sneezing.biz,premium,29.5,21.24,medium,low,8,namesilo,,,
5e83fbda-f808-45c7-ad56-c1d5eb1d01d9,alimony.biz,premium,218.75,,medium,low,7,name.com,,,
5644f878-2334-4b14-9011-692f80b9e12c,whoever.biz,premium,29.5,21.24,medium,low,7,namesilo,,,
48b42336-ba13-40ef-a4af-6e94559a53e5,channel.biz,resell,,,high,low,7,Dynadot Inc,08/06/2012 17:01,07/06/2028 23:59,
7a759ce7-564b-4120-a7e6-431cefb02d86,accusive.biz,available,7.99,23.49,low,low,8,namesilo,,,
ebe2fe72-850e-410d-abb9-6cf5695328c0,void.biz,resell,,,high,medium,4,"NameSilo, LLC",19/01/2004 17:39,18/01/2036 23:59,
43224657-f6dc-41c8-93e9-377be5003f25,diagonal.biz,premium,29.5,21.24,medium,low,8,namesilo,,,07/08/2026 04:07
c9c10252-c047-494d-9426-9eb428e07280,perform.biz,premium,218.75,,high,low,7,name.com,,,
15644e32-62f7-49a1-a2f8-09d4f7299568,beating.biz,premium,29.5,21.24,high,low,7,namesilo,,,
09bc29e3-0819-40ec-ac33-028bf277b3ef,affirmative.biz,premium,29.5,21.24,high,low,11,namesilo,,,
062f326c-9af8-45fc-a9b5-ae46608f93c3,ohmygosh.biz,premium,29.5,21.24,high,low,8,namesilo,,,
043dd9e9-b9da-4e8b-9025-37229ac7eac8,gaping.biz,available,7.99,23.49,high,low,6,namesilo,,,
803c4501-ee39-43bf-afda-cdece764c6c3,agitating.biz,available,7.99,23.49,medium,low,9,namesilo,,,
e5b4278f-2d96-43cb-a30a-f1bd11223b66,extension.biz,premium,1107,21.24,high,low,9,namesilo,,,
20efed6e-6522-477d-85d1-cd5fde6162e7,street.biz,resell,,,high,low,6,"Sav.com, LLC - 1",01/08/2023 00:00,01/08/2027 00:00,20/09/2026 09:02
08ddd5e5-4f1e-41e1-b61b-d54702c9b8fb,rejected.biz,premium,29.5,21.24,medium,low,8,namesilo,,,
53ed176e-fe1e-49c4-9437-6697746e31ba,aerie.biz,premium,29.5,21.24,high,medium,5,namesilo,,,
4b9a5977-8282-42da-bdcd-a276f9bf51af,resolved.biz,premium,62.5,,high,low,8,name.com,,,
3970c78a-1da2-42f8-a377-423815932243,extend.biz,premium,302.5,21.24,high,low,6,namesilo,,,
d09ed7c6-3999-453e-9984-e64ac4004d67,amorphous.biz,premium,29.5,21.24,medium,low,9,namesilo,,,
aab132fe-28cd-4e53-b8d9-b0f3b14017c1,ecru.biz,premium,53.92,21.24,medium,low,4,namesilo,,,09/08/2026 12:26
2909f055-e72a-4553-9aab-251a1b3fdd5d,washing.biz,premium,29.5,21.24,high,low,7,namesilo,,,
d00347ac-e673-4747-9510-5eb888aa81d4,amphibious.biz,available,7.99,23.49,medium,low,10,namesilo,,,
b41a68bb-03d6-43e3-ad85-29c2d9f26b14,publication.biz,resell,,,high,low,11,"GoDaddy.com, LLC",02/01/2022 00:37,02/01/2027 00:37,
6ffcecb2-9af8-4333-8d77-aedba49e54c0,add.biz,resell,,,high,low,3,"007Names, Inc.",27/03/2002 12:25,26/03/2027 23:59,21/09/2026 09:10
d6bc73f7-2226-4dde-baed-67b8fcd4fcfa,movement.biz,resell,,,high,low,8,"GoDaddy.com, LLC",08/04/2009 12:56,07/04/2027 23:59,
e0300e8c-aa3f-4e96-955e-1b3f1db9539a,aflare.biz,available,7.99,23.49,medium,low,6,namesilo,,,
5302efe7-26f9-47b3-aaf9-47f2a5b4d934,because.biz,premium,29.5,21.24,high,low,7,namesilo,,,
c3ba6409-16ab-40db-b697-5c40267efb52,accusative.biz,available,7.99,23.49,high,low,10,namesilo,,,
a8be3d74-ffda-42a0-a921-bb2b1e579c11,promising.biz,resell,,,high,low,9,"Spaceship, Inc.",20/12/2016 01:38,19/12/2026 23:59,
104a44ae-065f-4095-bde8-0deff89ad7eb,bellicose.biz,available,1.99,31.99,low,low,9,name.com,,,09/08/2026 01:44
6cd50fe6-d0e6-41da-b7a7-545409a5d92f,regarded.biz,available,7.99,23.49,high,low,8,namesilo,,,
125cdcf0-c485-4860-87ef-7f9aef6ca4da,mixing.biz,premium,31.25,,high,low,6,name.com,,,
5d9dae26-b2d4-4056-ae61-83875e5692cb,assessable.biz,available,1.99,31.99,medium,low,10,name.com,,,07/08/2026 06:04
34e30883-f372-4d80-8703-6ffdce248440,checklist.biz,resell,,,high,low,9,InternetX GmbH,10/06/2004 17:07,09/06/2026 23:59,
9ce9f0b9-1915-4287-a04b-d3b02301585c,unacceptable.biz,available,7.99,23.49,high,low,12,namesilo,,,
6d086102-4135-4aab-9930-e047fc9b6917,thing.biz,resell,,,high,low,5,"Alibaba Cloud Computing (Beijing) Co., Ltd.",06/06/2020 07:07,06/06/2026 07:07,
b6d6d709-44f0-4f19-92d4-99ada9c34059,snapping.biz,premium,29.5,21.24,high,low,8,namesilo,,,
f6e9077d-ffb7-4ea0-b5a0-4943cc8aba25,amnionic.biz,available,7.99,23.49,medium,low,8,namesilo,,,
a98515e4-400c-4ca2-8c39-5d6fee6d21b5,spreadsheet.biz,resell,,,high,low,11,"Sav.com, LLC - 3",04/08/2023 00:00,04/08/2027 00:00,20/09/2026 11:33
f6065723-53e7-4b78-8077-fbc06098244c,along.biz,available,,,high,low,5,,,,
b86325e6-29a6-4e7a-8505-1c5b6bcb503a,alkalic.biz,premium,29.5,21.24,medium,low,7,namesilo,,,
10685cee-3b56-4540-aacb-ae4204ab47b9,removal.biz,resell,,,high,low,7,Dynadot Inc,24/06/2019 00:16,24/06/2026 00:16,
99c902af-bacf-4b30-9211-54aa8c45671f,shooting.biz,premium,218.75,,high,low,8,name.com,,,
a0aaf354-bb0d-47e6-82ad-f3518d4851be,bern.biz,premium,62.5,,high,low,4,name.com,,,
abdce8e7-4548-4824-80bb-2e648dab154e,meaning.biz,premium,53.92,21.24,high,low,7,namesilo,,,
887b1fdc-9ccc-4fee-874f-bb7de01400de,lxxi.biz,premium,53.92,21.24,medium,low,4,namesilo,,,
14d02b8d-9cdb-467f-abcd-0fe01b615bb4,spanish.biz,premium,625,,high,low,7,name.com,,,
e0f09c43-880d-42f6-83a7-78f5116dff76,mum.biz,premium,937.5,,high,low,3,name.com,,,
81ab37fd-c97e-42de-9436-5f067ed2edc5,formless.biz,premium,31.99,22.5,medium,low,8,name.com,,,
47787baf-6cf4-49c2-80cc-0624f38333eb,journalism.biz,premium,31.25,20,high,low,10,name.com,,,
44dfbfa0-9b51-4598-9291-046fb8a25e5e,gleaming.biz,premium,29.5,21.24,high,low,8,namesilo,,,
2da40a34-9794-4020-afff-e0c6c297f974,batrachian.biz,available,1.99,31.99,low,low,10,name.com,,,05/08/2026 20:53
22202f6a-678f-4f34-8049-7adb2bedf98f,canada.biz,resell,,,high,high,6,"GoDaddy.com, LLC",10/06/2014 17:01,09/06/2026 23:59,
1c402f74-9a16-4c40-86f0-695987544e3c,buttony.biz,available,1.99,31.99,medium,low,7,name.com,,,09/08/2026 03:34
9b3153fd-891c-4298-9f1c-047e594568aa,informing.biz,premium,29.5,21.24,high,low,9,namesilo,,,
66a3fa95-1cb6-48e2-9588-ec7f5ffb806d,anticipant.biz,available,1.99,31.99,medium,low,10,name.com,,,
62152c16-9780-4cfb-9b73-c5846897398f,useful.biz,premium,29.5,21.24,high,low,6,namesilo,,,
93c1f3a3-12a1-4888-b5f8-f4de2af08a7b,introduce.biz,premium,116,21.24,high,low,9,namesilo,,,
55be7b6c-642c-4ad3-8075-fb6c77e96129,beneath.biz,premium,53.92,21.24,medium,low,7,namesilo,,,
6c2a1498-0a8d-4d38-afed-a9c7c8bf68c0,provoking.biz,premium,29.5,21.24,high,low,9,namesilo,,,
a1aca26a-4245-427e-90f4-d4fdbf21e9c4,apologize.biz,premium,29.5,21.24,high,low,9,namesilo,,,
ecfee161-967e-4e27-af91-a0da4efffd43,circinate.biz,available,7.99,23.49,high,low,9,namesilo,,,
d11e319f-3d5e-447f-b675-4ce4ab3d1175,constantly.biz,premium,29.5,21.24,high,low,10,namesilo,,,
294b4061-ccaf-4f7a-9432-999c1d5aceb0,microwave.biz,resell,,,high,low,9,"GoDaddy.com, LLC",27/03/2002 08:08,26/03/2027 23:59,
b2df4fb6-89ea-4665-a122-2fb40c2b7cf5,haircut.biz,premium,31.99,,high,low,7,name.com,,,
999bad84-8df5-493a-9ff1-902464089bb9,sailor.biz,resell,,,high,low,6,"Spaceship, Inc.",04/10/2025 17:28,04/10/2026 17:28,
b958af5e-a283-4507-9bed-6d11f67f0bca,adhesive.biz,resell,,,high,low,8,Porkbun,27/03/2002 12:47,26/03/2027 23:59,
83c75c58-30b9-4402-9884-13fb97b64ca2,argive.biz,available,1.99,31.99,medium,low,6,name.com,,,06/08/2026 18:27
00b02793-dcbd-4377-bb8e-decc648dfec8,vampire.biz,premium,218.75,,high,low,7,name.com,,,
1491ae78-932e-4877-998d-d6074760f941,archosaur.biz,available,1.99,31.99,medium,low,9,name.com,,,06/08/2026 15:57
8b115778-7764-4455-9577-33295825685b,consumption.biz,premium,29.5,21.24,high,low,11,namesilo,,,
c89f1911-4e24-4065-ad30-f691d4d87593,stepson.biz,premium,31.99,,high,low,7,name.com,,,
9789f020-94aa-421a-b5e9-4c3b0fd84a92,who.biz,available,,,medium,low,3,,,,
20d8b7f0-a85d-4192-aa79-a7b7a302cd24,altered.biz,premium,29.5,21.24,high,low,7,namesilo,,,
3e0550ea-ad49-460c-a4cb-ccea8b5a4d30,anatomic.biz,available,7.99,23.49,medium,low,8,namesilo,,,
0d30d7bc-b8ee-4363-93e1-dead7eb8ac1d,delivery.biz,premium,6250,20,high,low,8,name.com,,,
16d25f50-1897-4338-8872-912dab5582e5,stray.biz,premium,29.5,21.24,high,low,5,namesilo,,,
57eb8735-ea65-4b38-ab25-73215322a541,affective.biz,premium,29.5,21.24,high,low,9,namesilo,,,
c15d03c2-75aa-490c-8f30-dd3ad225bbfc,alien.biz,resell,,,high,medium,5,Sav.com LLC,13/06/2024 17:51,13/06/2027 17:51,
ab15a7c0-8b17-4e2d-a0fa-cbee8fe0e9d1,antifungal.biz,available,1.99,31.99,high,low,10,name.com,,,
3a492cf1-4226-4007-b460-b23ff4d04fff,appetizing.biz,premium,29.5,21.24,high,low,10,namesilo,,,06/08/2026 06:45
2f5af5ef-6a46-40b4-b047-fd9d461d1a19,clxxv.biz,available,7.99,23.49,medium,low,5,namesilo,,,
9eec1d31-e129-482c-bfd4-5ac197205934,rice.biz,premium,302.5,21.24,high,low,4,namesilo,,,
cc2d9ec4-b47a-4433-9d8e-aaf0afee851c,grammar.biz,premium,53.92,21.24,high,low,7,namesilo,,,
54c534ae-0df3-4d93-bf04-021aef473b5c,alarmed.biz,premium,29.5,21.24,medium,low,7,namesilo,,,
770994e3-ef0d-4724-8aaa-df0dd0abdda3,alienated.biz,premium,29.5,21.24,medium,low,9,namesilo,,,
55663f8e-22ed-441a-8d80-af28a78e0c32,vocal.biz,resell,,,high,low,5,Sav.com LLC,07/06/2024 17:45,07/06/2026 17:45,
ac829e82-31a2-44ab-94c0-a44048d7daf7,annular.biz,available,,,medium,low,7,,,,
1946bbad-ac45-4b48-a3a9-7d9232da6b73,outlet.biz,premium,302.5,21.24,high,low,6,namesilo,,,
33433d10-0b94-4dd6-9f70-95d2315a3d12,basketball.biz,resell,,,high,low,10,"Domain Registration Services, Inc. dba dotEarth.com",27/03/2002 05:13,26/03/2027 23:59,24/09/2026 07:02
11fc4e34-b7a0-4498-af30-1fb7e772072e,fling.biz,premium,29.5,21.24,high,low,5,namesilo,,,
122ba249-f30a-42ab-8e5b-a90defbfedf8,veal.biz,premium,53.92,21.24,medium,low,4,namesilo,,,
bb4bef26-bca9-485b-af68-eac926633077,maledict.biz,available,7.99,23.49,low,low,8,namesilo,,,
af1a480e-065f-482d-aab5-a6e708ea698b,hackneyed.biz,premium,29.5,21.24,medium,low,9,namesilo,,,08/08/2026 10:56
eefe134c-947e-4567-9c75-0124cf6f706b,feels.biz,premium,29.5,21.24,high,low,5,namesilo,,,
788021ae-3757-47cf-80c1-fc2dc5506e6e,tuesday.biz,premium,302.5,21.24,high,low,7,namesilo,,,
0a08af7f-92a6-4ae1-8ac5-b6b7aa6c42a0,ashen.biz,premium,29.5,21.24,medium,low,5,namesilo,,,07/08/2026 02:09
d69a5580-ccd8-4224-b0a3-e36774d58c91,noble.biz,resell,,,high,low,5,"NameCheap, Inc.",27/03/2002 01:29,26/03/2027 23:59,08/08/2026 20:18
ac126366-369b-459c-8d80-cf9b50f2b164,baseless.biz,available,1.99,31.99,medium,low,8,name.com,,,08/08/2026 21:44
b62e08c6-34ac-413c-9127-6827ce1f1393,vaccination.biz,premium,29.5,21.24,high,low,11,namesilo,,,
04d28811-ab85-435e-be8a-e41d75834d71,pristine.biz,premium,218.75,,high,low,8,name.com,,,
a90902d3-97ca-403e-b832-424a78078d9f,grievous.biz,premium,29.5,21.24,medium,low,8,namesilo,,,07/08/2026 14:41
f3b8bb6d-cb5c-4136-addc-e16ea468c167,treed.biz,available,1.99,31.99,medium,low,5,name.com,,,07/08/2026 11:13
98eae3c8-454a-4215-b665-c7a8e83653f7,pushing.biz,premium,29.5,21.24,high,low,7,namesilo,,,
d05c0b89-7cdf-4037-a133-68d5696073ca,toilet.biz,resell,,,high,low,6,"GoDaddy.com, LLC",27/03/2002 02:26,26/03/2027 23:59,
ede8132a-e115-4904-b684-20b1b6ad4bb0,depress.biz,premium,53.92,21.24,high,low,7,namesilo,,,
9e6e7b11-4ff0-4358-8d56-c6caee721e2d,anymore.biz,premium,29.5,21.24,high,low,7,namesilo,,,
dda5a3f0-50dd-4668-9bb3-694bc00a76c9,repel.biz,premium,29.5,21.24,high,low,5,namesilo,,,
7b03bdb6-b786-4655-bd5b-4796dac3f204,radioactivity.biz,available,7.99,23.49,medium,low,13,namesilo,,,
0eae891c-bacc-4b6c-999f-6f0351e6c11b,principled.biz,premium,29.5,21.24,high,low,10,namesilo,,,
ce65bf3d-6ed2-4bdf-b4ca-2a1d109445ab,factor.biz,resell,,,high,low,6,"GoDaddy.com, LLC",10/06/2012 17:03,09/06/2026 23:59,
389651a5-85ef-4604-a93f-690158c373bc,spectral.biz,available,,,high,low,8,,,,
9650ee44-f08f-4574-a5e1-c73f40d33b73,traction.biz,resell,,,high,low,8,Dynadot Inc,05/11/2015 00:11,04/11/2026 23:59,
b752b637-195e-4d04-a094-c09c087dc19e,successes.biz,premium,29.5,21.24,medium,low,9,namesilo,,,
873e3ed7-b296-49ee-b758-cbc118878ef7,forget.biz,resell,,,medium,low,6,"Spaceship, Inc.",25/11/2025 03:51,25/11/2026 03:51,
3c411ba7-c22d-4f41-bfe0-c9d8d0400226,jot.biz,premium,937.5,,high,low,3,name.com,,,
56253fd0-4670-462e-ae24-ca283c393540,tilted.biz,available,1.99,31.99,high,low,6,name.com,,,07/08/2026 13:29
0ce529a3-8a2d-46f9-8d96-7fbbc8322e0e,certain.biz,premium,53.92,21.24,high,low,7,namesilo,,,
7262f159-c1d6-4e70-9257-346928f32e4a,wakening.biz,available,7.99,23.49,high,low,8,namesilo,,,
29fe5cd4-b628-4780-bb6d-1eef120cd139,rideshare.biz,premium,625,,high,low,9,name.com,,,
01269298-1f1d-4d2f-bd3f-104e62ee9ec0,articled.biz,available,1.99,31.99,medium,low,8,name.com,,,06/08/2026 08:28
e243c3d4-a5dc-4939-8056-60593caa0e61,accuser.biz,available,7.99,23.49,high,low,7,namesilo,,,
d5619d1a-5728-4f03-bb7c-5cf1f27e2b94,background.biz,premium,625,,high,low,10,name.com,,,
2a88e46f-bca3-491b-8536-ec7ed6e37e50,liii.biz,premium,53.92,21.24,medium,low,4,namesilo,,,
6486054a-f568-4680-9253-b49e561f7bef,grubby.biz,available,1.99,31.99,medium,low,6,name.com,,,09/08/2026 09:31
05e46731-987c-4fac-a3e7-56ed80169be9,rarefy.biz,available,1.99,31.99,medium,low,6,name.com,,,07/08/2026 15:31
19e32d36-abb7-459f-bdb0-73993762e110,agonizing.biz,premium,29.5,21.24,high,low,9,namesilo,,,
9e39a2b2-eaea-427d-94c4-6b81f524e8f9,rooms.biz,premium,1107,21.24,high,low,5,namesilo,,,
882a1596-cdac-4002-9a74-a41bc72074e9,sight.biz,premium,53.92,21.24,high,low,5,namesilo,,,
4daa580d-1ee2-42eb-8d85-6e15e0d7182c,impractical.biz,premium,53.92,21.24,medium,low,11,namesilo,,,
25747dcb-a367-4551-8370-53ece319afec,outdoor.biz,resell,,,high,low,7,Dynadot Inc,09/08/2023 18:20,09/08/2027 18:20,20/09/2026 16:34
ecb974da-a0ad-41b9-b8aa-952ac1a97f04,irritable.biz,premium,29.5,21.24,medium,low,9,namesilo,,,
ec511634-6916-448a-b958-0028e1fc4a28,eyrie.biz,premium,29.5,21.24,high,low,5,namesilo,,,
06d545df-9a57-4fd9-8c97-a20a15d29c15,orbicular.biz,available,1.99,31.99,medium,low,9,name.com,,,08/08/2026 10:11
fecad09f-fbf3-407e-8870-5fabc7ab8c42,amended.biz,premium,29.5,21.24,high,low,7,namesilo,,,
dfd69db0-3f87-4b3c-b5f6-df462936c8ea,beady.biz,premium,29.5,21.24,medium,low,5,namesilo,,,09/08/2026 03:23
09e72eff-2021-427b-81fe-647ea7fb439a,disapproval.biz,available,7.99,23.49,medium,low,11,namesilo,,,
16d66d9d-31a2-4440-ace4-bee7e6dde394,notion.biz,resell,,,high,low,6,Dynadot Inc,04/10/2001 15:47,06/11/2026 23:59,
cce87f19-b0b9-4b01-ad30-3285adb05b8f,godhead.biz,premium,29.5,21.24,medium,low,7,namesilo,,,
08fb2835-5412-4498-9c77-a736ca2c605c,cheated.biz,premium,29.5,21.24,medium,low,7,namesilo,,,
7920b33b-4ef5-4a17-a23e-96e586606147,plants.biz,resell,,,high,low,6,"Domain Registration Services, Inc. dba dotEarth.com",27/03/2002 06:54,26/03/2027 23:59,
1f4e9234-1613-4c9e-ac1d-762176555f04,detoxify.biz,premium,29.5,21.24,high,low,8,namesilo,,,
703f3f5c-2610-4ed7-a9e2-6e3f2703b48e,changes.biz,premium,937.5,,medium,low,7,name.com,,,
4105a70d-5706-45db-9966-fae4418de7d2,kangeroo.biz,available,7.99,23.49,high,low,8,namesilo,,,
dd5b670e-70ce-4d92-84fe-12db349c9961,apiarian.biz,available,1.99,31.99,medium,low,8,name.com,,,05/08/2026 23:53
c244fadf-7377-41db-8b1e-08a1012f4faa,successful.biz,premium,302.5,21.24,high,low,10,namesilo,,,
8fb99141-7993-41d9-8864-353ec9e1ec80,lxxxiii.biz,available,7.99,23.49,medium,low,7,namesilo,,,
4818db51-cbd3-4d94-9ace-8b1ca68f7731,shorts.biz,premium,625,20,high,low,6,name.com,,,
6835ab93-6ae2-429f-a8b2-98800f29863d,aligning.biz,available,7.99,23.49,medium,low,8,namesilo,,,
6bcf5150-fd0d-4d0d-912d-8f597777126e,afterwards.biz,premium,29.5,21.24,medium,low,10,namesilo,,,
c6f4f0ad-e0ee-4911-bf9f-775b42d460b5,californian.biz,premium,625,,high,low,11,name.com,,,
574cbd4a-cf16-43e8-bce6-5a98f369ded5,drown.biz,premium,29.5,21.24,medium,low,5,namesilo,,,
919c76f5-2a62-424b-886b-1d8cf474f83f,packing.biz,premium,29.5,21.24,high,low,7,namesilo,,,
b5bb7e8b-35a2-4b17-b4ee-f162b91ff5a0,souse.biz,premium,29.5,21.24,medium,low,5,namesilo,,,
ab6f36ff-8ce6-4004-9312-50e12b55b948,reunion.biz,available,,,high,low,7,,,,
f56d1de3-10a0-4665-b621-31461e377504,fort.biz,premium,116,21.24,high,low,4,namesilo,,,
4157345e-73a7-4759-a54f-2d9cade2371a,revelatory.biz,available,1.99,31.99,high,low,10,name.com,,,06/08/2026 00:55
55a069bd-b0f1-4cc3-8e27-e3c16742c67a,assuming.biz,premium,29.5,21.24,medium,low,8,namesilo,,,07/08/2026 08:16
9fafa0e0-15bf-4f96-8b46-a4d3f3ae102f,corps.biz,premium,302.5,21.24,high,low,5,namesilo,,,
22aa11dd-432b-446f-b660-9224db1b3ed7,relationship.biz,resell,,,high,low,12,"GoDaddy.com, LLC",27/03/2002 07:41,26/03/2027 23:59,
38659afb-7833-4d98-bf09-b8c81ebdd69e,located.biz,premium,218.75,,high,low,7,name.com,,,
3bb91f07-3999-4ed5-8c0c-fdf9b8494dc5,palliative.biz,premium,29.5,21.24,high,low,10,namesilo,,,
09f5e17a-d468-4561-a790-413ee98e963c,sciences.biz,premium,29.5,21.24,medium,low,8,namesilo,,,
94182804-aa88-43be-959b-2a379c37c4d7,aciculate.biz,available,7.99,23.49,medium,low,9,namesilo,,,
0ac3698b-7e2c-4411-9d73-c6a8d7fba85b,comely.biz,available,1.99,31.99,medium,low,6,name.com,,,09/08/2026 06:13
55cbbb7c-45d5-438e-991e-8e5710da8ef1,theft.biz,premium,29.5,21.24,high,low,5,namesilo,,,08/09/2026 07:55
8f090265-e6e2-445f-9b46-62ae1336ff49,lamppost.biz,premium,29.5,21.24,high,low,8,namesilo,,,
03fc8c68-d838-47e6-a017-387fd0051b06,actable.biz,available,8.48,28.98,medium,low,7,namecheap,,,
76d1be14-2b7a-432f-806c-d0e838b3b97c,banking.biz,resell,,,high,low,7,Dynadot Inc,27/03/2002 22:31,26/03/2027 23:59,
fbee050f-5cff-44b6-a0d3-4cf3f41fbf31,lose.biz,premium,62.5,,medium,low,4,name.com,,,
fb547e4e-aa07-4855-8d4e-cacfb6188c0c,yourselves.biz,premium,29.5,21.24,medium,low,10,namesilo,,,
234d9edd-fe66-4f95-a793-559832ce2b48,obscure.biz,premium,29.5,21.24,high,low,7,namesilo,,,05/08/2026 21:59
970246e9-59c9-4110-8d01-da4069ebfd0b,legislative.biz,premium,29.5,21.24,high,low,11,namesilo,,,
746245e1-ea23-47af-bc10-4a5c57661efd,apodous.biz,available,1.99,31.99,medium,low,7,name.com,,,06/08/2026 01:21
df3da381-3a08-4968-9996-e628e0cb6d27,seeds.biz,resell,,,high,low,5,Dynadot Inc,27/03/2002 05:21,26/03/2026 23:59,
5a131a06-2703-4eb2-8511-eeb3d89c4d01,vandalism.biz,available,7.99,23.49,medium,low,9,namesilo,,,
74ee6fe4-826d-4b98-b60a-7d3cf64e743b,relatively.biz,premium,29.5,21.24,high,low,10,namesilo,,,
a99efa94-0d7f-4939-8881-1903c77e02d0,default.biz,premium,937.5,,high,low,7,name.com,,,